filename,class,split,path,pattern_name,meaning,confidence
aug_0_0.jpg,geometric,train,dataset_split\train\geometric\aug_0_0.jpg,,,high
aug_100_1.jpg,geometric,train,dataset_split\train\geometric\aug_100_1.jpg,,,high
aug_101_2.jpg,geometric,train,dataset_split\train\geometric\aug_101_2.jpg,,,high
aug_102_3.jpg,geometric,train,dataset_split\train\geometric\aug_102_3.jpg,,,high
aug_103_4.jpg,geometric,train,dataset_split\train\geometric\aug_103_4.jpg,,,high
aug_104_5.jpg,geometric,train,dataset_split\train\geometric\aug_104_5.jpg,,,high
aug_105_6.jpg,geometric,train,dataset_split\train\geometric\aug_105_6.jpg,,,high
aug_106_7.jpg,geometric,train,dataset_split\train\geometric\aug_106_7.jpg,,,high
aug_107_8.jpg,geometric,train,dataset_split\train\geometric\aug_107_8.jpg,,,high
aug_108_0.jpg,geometric,train,dataset_split\train\geometric\aug_108_0.jpg,,,high
aug_109_1.jpg,geometric,train,dataset_split\train\geometric\aug_109_1.jpg,,,high
aug_10_1.jpg,geometric,train,dataset_split\train\geometric\aug_10_1.jpg,,,high
aug_110_2.jpg,geometric,train,dataset_split\train\geometric\aug_110_2.jpg,,,high
aug_111_3.jpg,geometric,train,dataset_split\train\geometric\aug_111_3.jpg,,,high
aug_112_4.jpg,geometric,train,dataset_split\train\geometric\aug_112_4.jpg,,,high
aug_113_5.jpg,geometric,train,dataset_split\train\geometric\aug_113_5.jpg,,,high
aug_114_6.jpg,geometric,train,dataset_split\train\geometric\aug_114_6.jpg,,,high
aug_115_7.jpg,geometric,train,dataset_split\train\geometric\aug_115_7.jpg,,,high
aug_116_8.jpg,geometric,train,dataset_split\train\geometric\aug_116_8.jpg,,,high
aug_117_0.jpg,geometric,train,dataset_split\train\geometric\aug_117_0.jpg,,,high
aug_118_1.jpg,geometric,train,dataset_split\train\geometric\aug_118_1.jpg,,,high
aug_119_2.jpg,geometric,train,dataset_split\train\geometric\aug_119_2.jpg,,,high
aug_11_2.jpg,geometric,train,dataset_split\train\geometric\aug_11_2.jpg,,,high
aug_120_3.jpg,geometric,train,dataset_split\train\geometric\aug_120_3.jpg,,,high
aug_121_4.jpg,geometric,train,dataset_split\train\geometric\aug_121_4.jpg,,,high
aug_122_5.jpg,geometric,train,dataset_split\train\geometric\aug_122_5.jpg,,,high
aug_123_6.jpg,geometric,train,dataset_split\train\geometric\aug_123_6.jpg,,,high
aug_124_7.jpg,geometric,train,dataset_split\train\geometric\aug_124_7.jpg,,,high
aug_125_8.jpg,geometric,train,dataset_split\train\geometric\aug_125_8.jpg,,,high
aug_126_0.jpg,geometric,train,dataset_split\train\geometric\aug_126_0.jpg,,,high
aug_127_1.jpg,geometric,train,dataset_split\train\geometric\aug_127_1.jpg,,,high
aug_128_2.jpg,geometric,train,dataset_split\train\geometric\aug_128_2.jpg,,,high
aug_129_3.jpg,geometric,train,dataset_split\train\geometric\aug_129_3.jpg,,,high
aug_12_3.jpg,geometric,train,dataset_split\train\geometric\aug_12_3.jpg,,,high
aug_130_4.jpg,geometric,train,dataset_split\train\geometric\aug_130_4.jpg,,,high
aug_131_5.jpg,geometric,train,dataset_split\train\geometric\aug_131_5.jpg,,,high
aug_132_6.jpg,geometric,train,dataset_split\train\geometric\aug_132_6.jpg,,,high
aug_133_7.jpg,geometric,train,dataset_split\train\geometric\aug_133_7.jpg,,,high
aug_134_8.jpg,geometric,train,dataset_split\train\geometric\aug_134_8.jpg,,,high
aug_135_0.jpg,geometric,train,dataset_split\train\geometric\aug_135_0.jpg,,,high
aug_136_1.jpg,geometric,train,dataset_split\train\geometric\aug_136_1.jpg,,,high
aug_137_2.jpg,geometric,train,dataset_split\train\geometric\aug_137_2.jpg,,,high
aug_138_3.jpg,geometric,train,dataset_split\train\geometric\aug_138_3.jpg,,,high
aug_139_4.jpg,geometric,train,dataset_split\train\geometric\aug_139_4.jpg,,,high
aug_13_4.jpg,geometric,train,dataset_split\train\geometric\aug_13_4.jpg,,,high
aug_140_5.jpg,geometric,train,dataset_split\train\geometric\aug_140_5.jpg,,,high
aug_141_6.jpg,geometric,train,dataset_split\train\geometric\aug_141_6.jpg,,,high
aug_142_7.jpg,geometric,train,dataset_split\train\geometric\aug_142_7.jpg,,,high
aug_143_8.jpg,geometric,train,dataset_split\train\geometric\aug_143_8.jpg,,,high
aug_144_0.jpg,geometric,train,dataset_split\train\geometric\aug_144_0.jpg,,,high
aug_145_1.jpg,geometric,train,dataset_split\train\geometric\aug_145_1.jpg,,,high
aug_146_2.jpg,geometric,train,dataset_split\train\geometric\aug_146_2.jpg,,,high
aug_147_3.jpg,geometric,train,dataset_split\train\geometric\aug_147_3.jpg,,,high
aug_14_5.jpg,geometric,train,dataset_split\train\geometric\aug_14_5.jpg,,,high
aug_15_6.jpg,geometric,train,dataset_split\train\geometric\aug_15_6.jpg,,,high
aug_16_7.jpg,geometric,train,dataset_split\train\geometric\aug_16_7.jpg,,,high
aug_17_8.jpg,geometric,train,dataset_split\train\geometric\aug_17_8.jpg,,,high
aug_18_0.jpg,geometric,train,dataset_split\train\geometric\aug_18_0.jpg,,,high
aug_19_1.jpg,geometric,train,dataset_split\train\geometric\aug_19_1.jpg,,,high
aug_1_1.jpg,geometric,train,dataset_split\train\geometric\aug_1_1.jpg,,,high
aug_20_2.jpg,geometric,train,dataset_split\train\geometric\aug_20_2.jpg,,,high
aug_21_3.jpg,geometric,train,dataset_split\train\geometric\aug_21_3.jpg,,,high
aug_22_4.jpg,geometric,train,dataset_split\train\geometric\aug_22_4.jpg,,,high
aug_23_5.jpg,geometric,train,dataset_split\train\geometric\aug_23_5.jpg,,,high
aug_24_6.jpg,geometric,train,dataset_split\train\geometric\aug_24_6.jpg,,,high
aug_25_7.jpg,geometric,train,dataset_split\train\geometric\aug_25_7.jpg,,,high
aug_26_8.jpg,geometric,train,dataset_split\train\geometric\aug_26_8.jpg,,,high
aug_27_0.jpg,geometric,train,dataset_split\train\geometric\aug_27_0.jpg,,,high
aug_28_1.jpg,geometric,train,dataset_split\train\geometric\aug_28_1.jpg,,,high
aug_29_2.jpg,geometric,train,dataset_split\train\geometric\aug_29_2.jpg,,,high
aug_2_2.jpg,geometric,train,dataset_split\train\geometric\aug_2_2.jpg,,,high
aug_30_3.jpg,geometric,train,dataset_split\train\geometric\aug_30_3.jpg,,,high
aug_31_4.jpg,geometric,train,dataset_split\train\geometric\aug_31_4.jpg,,,high
aug_32_5.jpg,geometric,train,dataset_split\train\geometric\aug_32_5.jpg,,,high
aug_33_6.jpg,geometric,train,dataset_split\train\geometric\aug_33_6.jpg,,,high
aug_34_7.jpg,geometric,train,dataset_split\train\geometric\aug_34_7.jpg,,,high
aug_35_8.jpg,geometric,train,dataset_split\train\geometric\aug_35_8.jpg,,,high
aug_36_0.jpg,geometric,train,dataset_split\train\geometric\aug_36_0.jpg,,,high
aug_37_1.jpg,geometric,train,dataset_split\train\geometric\aug_37_1.jpg,,,high
aug_38_2.jpg,geometric,train,dataset_split\train\geometric\aug_38_2.jpg,,,high
aug_39_3.jpg,geometric,train,dataset_split\train\geometric\aug_39_3.jpg,,,high
aug_3_3.jpg,geometric,train,dataset_split\train\geometric\aug_3_3.jpg,,,high
aug_40_4.jpg,geometric,train,dataset_split\train\geometric\aug_40_4.jpg,,,high
aug_41_5.jpg,geometric,train,dataset_split\train\geometric\aug_41_5.jpg,,,high
aug_42_6.jpg,geometric,train,dataset_split\train\geometric\aug_42_6.jpg,,,high
aug_43_7.jpg,geometric,train,dataset_split\train\geometric\aug_43_7.jpg,,,high
aug_44_8.jpg,geometric,train,dataset_split\train\geometric\aug_44_8.jpg,,,high
aug_45_0.jpg,geometric,train,dataset_split\train\geometric\aug_45_0.jpg,,,high
aug_46_1.jpg,geometric,train,dataset_split\train\geometric\aug_46_1.jpg,,,high
aug_47_2.jpg,geometric,train,dataset_split\train\geometric\aug_47_2.jpg,,,high
aug_48_3.jpg,geometric,train,dataset_split\train\geometric\aug_48_3.jpg,,,high
aug_49_4.jpg,geometric,train,dataset_split\train\geometric\aug_49_4.jpg,,,high
aug_4_4.jpg,geometric,train,dataset_split\train\geometric\aug_4_4.jpg,,,high
aug_50_5.jpg,geometric,train,dataset_split\train\geometric\aug_50_5.jpg,,,high
aug_51_6.jpg,geometric,train,dataset_split\train\geometric\aug_51_6.jpg,,,high
aug_52_7.jpg,geometric,train,dataset_split\train\geometric\aug_52_7.jpg,,,high
aug_53_8.jpg,geometric,train,dataset_split\train\geometric\aug_53_8.jpg,,,high
aug_54_0.jpg,geometric,train,dataset_split\train\geometric\aug_54_0.jpg,,,high
aug_55_1.jpg,geometric,train,dataset_split\train\geometric\aug_55_1.jpg,,,high
aug_56_2.jpg,geometric,train,dataset_split\train\geometric\aug_56_2.jpg,,,high
aug_57_3.jpg,geometric,train,dataset_split\train\geometric\aug_57_3.jpg,,,high
aug_58_4.jpg,geometric,train,dataset_split\train\geometric\aug_58_4.jpg,,,high
aug_59_5.jpg,geometric,train,dataset_split\train\geometric\aug_59_5.jpg,,,high
aug_5_5.jpg,geometric,train,dataset_split\train\geometric\aug_5_5.jpg,,,high
aug_60_6.jpg,geometric,train,dataset_split\train\geometric\aug_60_6.jpg,,,high
aug_61_7.jpg,geometric,train,dataset_split\train\geometric\aug_61_7.jpg,,,high
aug_62_8.jpg,geometric,train,dataset_split\train\geometric\aug_62_8.jpg,,,high
aug_63_0.jpg,geometric,train,dataset_split\train\geometric\aug_63_0.jpg,,,high
aug_64_1.jpg,geometric,train,dataset_split\train\geometric\aug_64_1.jpg,,,high
aug_65_2.jpg,geometric,train,dataset_split\train\geometric\aug_65_2.jpg,,,high
aug_66_3.jpg,geometric,train,dataset_split\train\geometric\aug_66_3.jpg,,,high
aug_67_4.jpg,geometric,train,dataset_split\train\geometric\aug_67_4.jpg,,,high
aug_68_5.jpg,geometric,train,dataset_split\train\geometric\aug_68_5.jpg,,,high
aug_69_6.jpg,geometric,train,dataset_split\train\geometric\aug_69_6.jpg,,,high
aug_6_6.jpg,geometric,train,dataset_split\train\geometric\aug_6_6.jpg,,,high
aug_70_7.jpg,geometric,train,dataset_split\train\geometric\aug_70_7.jpg,,,high
aug_71_8.jpg,geometric,train,dataset_split\train\geometric\aug_71_8.jpg,,,high
aug_72_0.jpg,geometric,train,dataset_split\train\geometric\aug_72_0.jpg,,,high
aug_73_1.jpg,geometric,train,dataset_split\train\geometric\aug_73_1.jpg,,,high
aug_74_2.jpg,geometric,train,dataset_split\train\geometric\aug_74_2.jpg,,,high
aug_75_3.jpg,geometric,train,dataset_split\train\geometric\aug_75_3.jpg,,,high
aug_76_4.jpg,geometric,train,dataset_split\train\geometric\aug_76_4.jpg,,,high
aug_77_5.jpg,geometric,train,dataset_split\train\geometric\aug_77_5.jpg,,,high
aug_78_6.jpg,geometric,train,dataset_split\train\geometric\aug_78_6.jpg,,,high
aug_79_7.jpg,geometric,train,dataset_split\train\geometric\aug_79_7.jpg,,,high
aug_7_7.jpg,geometric,train,dataset_split\train\geometric\aug_7_7.jpg,,,high
aug_80_8.jpg,geometric,train,dataset_split\train\geometric\aug_80_8.jpg,,,high
aug_81_0.jpg,geometric,train,dataset_split\train\geometric\aug_81_0.jpg,,,high
aug_82_1.jpg,geometric,train,dataset_split\train\geometric\aug_82_1.jpg,,,high
aug_83_2.jpg,geometric,train,dataset_split\train\geometric\aug_83_2.jpg,,,high
aug_84_3.jpg,geometric,train,dataset_split\train\geometric\aug_84_3.jpg,,,high
aug_85_4.jpg,geometric,train,dataset_split\train\geometric\aug_85_4.jpg,,,high
aug_86_5.jpg,geometric,train,dataset_split\train\geometric\aug_86_5.jpg,,,high
aug_87_6.jpg,geometric,train,dataset_split\train\geometric\aug_87_6.jpg,,,high
aug_88_7.jpg,geometric,train,dataset_split\train\geometric\aug_88_7.jpg,,,high
aug_89_8.jpg,geometric,train,dataset_split\train\geometric\aug_89_8.jpg,,,high
aug_8_8.jpg,geometric,train,dataset_split\train\geometric\aug_8_8.jpg,,,high
aug_90_0.jpg,geometric,train,dataset_split\train\geometric\aug_90_0.jpg,,,high
aug_91_1.jpg,geometric,train,dataset_split\train\geometric\aug_91_1.jpg,,,high
aug_92_2.jpg,geometric,train,dataset_split\train\geometric\aug_92_2.jpg,,,high
aug_93_3.jpg,geometric,train,dataset_split\train\geometric\aug_93_3.jpg,,,high
aug_94_4.jpg,geometric,train,dataset_split\train\geometric\aug_94_4.jpg,,,high
aug_95_5.jpg,geometric,train,dataset_split\train\geometric\aug_95_5.jpg,,,high
aug_96_6.jpg,geometric,train,dataset_split\train\geometric\aug_96_6.jpg,,,high
aug_97_7.jpg,geometric,train,dataset_split\train\geometric\aug_97_7.jpg,,,high
aug_98_8.jpg,geometric,train,dataset_split\train\geometric\aug_98_8.jpg,,,high
aug_99_0.jpg,geometric,train,dataset_split\train\geometric\aug_99_0.jpg,,,high
aug_9_0.jpg,geometric,train,dataset_split\train\geometric\aug_9_0.jpg,,,high
sorted_geometric_animal_central_as_2_12.jpg,geometric,train,dataset_split\train\geometric\sorted_geometric_animal_central_as_2_12.jpg,,,high
sorted_geometric_animal_Image_19.jpg,geometric,train,dataset_split\train\geometric\sorted_geometric_animal_Image_19.jpg,,,high
sorted_geometric_animal_Image_2.jpg,geometric,train,dataset_split\train\geometric\sorted_geometric_animal_Image_2.jpg,,,high
sorted_geometric_animal_kyrgyz_car_2_14.jpg,geometric,train,dataset_split\train\geometric\sorted_geometric_animal_kyrgyz_car_2_14.jpg,,,high
sorted_geometric_animal_kyrgyz_nomadic__10.jpg,geometric,train,dataset_split\train\geometric\sorted_geometric_animal_kyrgyz_nomadic__10.jpg,,,high
sorted_geometric_animal_kyrgyz_nomadic__11.jpg,geometric,train,dataset_split\train\geometric\sorted_geometric_animal_kyrgyz_nomadic__11.jpg,,,high
sorted_geometric_animal_kyrgyz_nomadic__31.jpg,geometric,train,dataset_split\train\geometric\sorted_geometric_animal_kyrgyz_nomadic__31.jpg,,,high
sorted_geometric_animal_kyrgyz_nomadic__32.jpg,geometric,train,dataset_split\train\geometric\sorted_geometric_animal_kyrgyz_nomadic__32.jpg,,,high
sorted_geometric_animal_kyrgyz_nomadic__34.jpg,geometric,train,dataset_split\train\geometric\sorted_geometric_animal_kyrgyz_nomadic__34.jpg,,,high
sorted_geometric_animal_kyrgyz_nomadic__8.jpg,geometric,train,dataset_split\train\geometric\sorted_geometric_animal_kyrgyz_nomadic__8.jpg,,,high
sorted_geometric_animal_kyrgyz_nomadic__9.jpg,geometric,train,dataset_split\train\geometric\sorted_geometric_animal_kyrgyz_nomadic__9.jpg,,,high
sorted_geometric_animal_kyrgyz_zoomorph_27.jpg,geometric,train,dataset_split\train\geometric\sorted_geometric_animal_kyrgyz_zoomorph_27.jpg,,,high
sorted_geometric_animal_kyrgyz_zoomorph_7.jpg,geometric,train,dataset_split\train\geometric\sorted_geometric_animal_kyrgyz_zoomorph_7.jpg,,,high
sorted_geometric_animal_ram_horn_spiral_21.jpg,geometric,train,dataset_split\train\geometric\sorted_geometric_animal_ram_horn_spiral_21.jpg,,,high
sorted_geometric_animal_ram_horn_spiral_33.jpg,geometric,train,dataset_split\train\geometric\sorted_geometric_animal_ram_horn_spiral_33.jpg,,,high
sorted_geometric_animal_ram_horn_spiral_34.jpg,geometric,train,dataset_split\train\geometric\sorted_geometric_animal_ram_horn_spiral_34.jpg,,,high
sorted_geometric_central_asian_d_19.jpg,geometric,train,dataset_split\train\geometric\sorted_geometric_central_asian_d_19.jpg,,,high
sorted_geometric_central_asian_d_2.jpg,geometric,train,dataset_split\train\geometric\sorted_geometric_central_asian_d_2.jpg,,,high
sorted_geometric_central_asian_d_29.jpg,geometric,train,dataset_split\train\geometric\sorted_geometric_central_asian_d_29.jpg,,,high
sorted_geometric_central_asian_d_31.jpg,geometric,train,dataset_split\train\geometric\sorted_geometric_central_asian_d_31.jpg,,,high
sorted_geometric_central_asian_d_44.jpg,geometric,train,dataset_split\train\geometric\sorted_geometric_central_asian_d_44.jpg,,,high
sorted_geometric_central_asian_d_49.jpg,geometric,train,dataset_split\train\geometric\sorted_geometric_central_asian_d_49.jpg,,,high
sorted_geometric_central_asian_d_5.jpg,geometric,train,dataset_split\train\geometric\sorted_geometric_central_asian_d_5.jpg,,,high
sorted_geometric_central_asian_d_6.jpg,geometric,train,dataset_split\train\geometric\sorted_geometric_central_asian_d_6.jpg,,,high
sorted_geometric_central_asian_z_0.jpg,geometric,train,dataset_split\train\geometric\sorted_geometric_central_asian_z_0.jpg,,,high
sorted_geometric_central_asian_z_10.jpg,geometric,train,dataset_split\train\geometric\sorted_geometric_central_asian_z_10.jpg,,,high
sorted_geometric_central_asian_z_12.jpg,geometric,train,dataset_split\train\geometric\sorted_geometric_central_asian_z_12.jpg,,,high
sorted_geometric_central_asian_z_13.jpg,geometric,train,dataset_split\train\geometric\sorted_geometric_central_asian_z_13.jpg,,,high
sorted_geometric_central_asian_z_28.jpg,geometric,train,dataset_split\train\geometric\sorted_geometric_central_asian_z_28.jpg,,,high
sorted_geometric_central_asian_z_29.jpg,geometric,train,dataset_split\train\geometric\sorted_geometric_central_asian_z_29.jpg,,,high
sorted_geometric_central_asian_z_32.jpg,geometric,train,dataset_split\train\geometric\sorted_geometric_central_asian_z_32.jpg,,,high
sorted_geometric_central_asian_z_8.jpg,geometric,train,dataset_split\train\geometric\sorted_geometric_central_asian_z_8.jpg,,,high
sorted_geometric_central_asian_z_9.jpg,geometric,train,dataset_split\train\geometric\sorted_geometric_central_asian_z_9.jpg,,,high
sorted_geometric_geometric_Image_12.jpg,geometric,train,dataset_split\train\geometric\sorted_geometric_geometric_Image_12.jpg,,,high
sorted_geometric_geometric_Image_21.jpg,geometric,train,dataset_split\train\geometric\sorted_geometric_geometric_Image_21.jpg,,,high
sorted_geometric_geometric_Image_24.jpg,geometric,train,dataset_split\train\geometric\sorted_geometric_geometric_Image_24.jpg,,,high
sorted_geometric_geometric_Image_5.jpg,geometric,train,dataset_split\train\geometric\sorted_geometric_geometric_Image_5.jpg,,,high
sorted_geometric_geometric_kyrgyz_felt_car_15.jpg,geometric,train,dataset_split\train\geometric\sorted_geometric_geometric_kyrgyz_felt_car_15.jpg,,,high
sorted_geometric_geometric_kyrgyz_felt_car_16.jpg,geometric,train,dataset_split\train\geometric\sorted_geometric_geometric_kyrgyz_felt_car_16.jpg,,,high
sorted_geometric_geometric_kyrgyz_felt_car_2.jpg,geometric,train,dataset_split\train\geometric\sorted_geometric_geometric_kyrgyz_felt_car_2.jpg,,,high
sorted_geometric_geometric_kyrgyz_felt_car_21.jpg,geometric,train,dataset_split\train\geometric\sorted_geometric_geometric_kyrgyz_felt_car_21.jpg,,,high
sorted_geometric_geometric_kyrgyz_felt_car_29.jpg,geometric,train,dataset_split\train\geometric\sorted_geometric_geometric_kyrgyz_felt_car_29.jpg,,,high
sorted_geometric_geometric_kyrgyz_felt_car_3.jpg,geometric,train,dataset_split\train\geometric\sorted_geometric_geometric_kyrgyz_felt_car_3.jpg,,,high
sorted_geometric_geometric_kyrgyz_felt_car_34.jpg,geometric,train,dataset_split\train\geometric\sorted_geometric_geometric_kyrgyz_felt_car_34.jpg,,,high
sorted_geometric_geometric_kyrgyz_felt_car_7.jpg,geometric,train,dataset_split\train\geometric\sorted_geometric_geometric_kyrgyz_felt_car_7.jpg,,,high
sorted_geometric_geometric_shyrdak_geometr_1.jpg,geometric,train,dataset_split\train\geometric\sorted_geometric_geometric_shyrdak_geometr_1.jpg,,,high
sorted_geometric_geometric_shyrdak_geometr_12.jpg,geometric,train,dataset_split\train\geometric\sorted_geometric_geometric_shyrdak_geometr_12.jpg,,,high
sorted_geometric_geometric_shyrdak_geometr_24.jpg,geometric,train,dataset_split\train\geometric\sorted_geometric_geometric_shyrdak_geometr_24.jpg,,,high
sorted_geometric_geometric_shyrdak_geometr_36.jpg,geometric,train,dataset_split\train\geometric\sorted_geometric_geometric_shyrdak_geometr_36.jpg,,,high
sorted_geometric_geometric_shyrdak_geometr_42.jpg,geometric,train,dataset_split\train\geometric\sorted_geometric_geometric_shyrdak_geometr_42.jpg,,,high
sorted_geometric_kyrgyz_angular__19.jpg,geometric,train,dataset_split\train\geometric\sorted_geometric_kyrgyz_angular__19.jpg,,,high
sorted_geometric_kyrgyz_felt_rug_0.jpg,geometric,train,dataset_split\train\geometric\sorted_geometric_kyrgyz_felt_rug_0.jpg,,,high
sorted_geometric_kyrgyz_felt_rug_18.jpg,geometric,train,dataset_split\train\geometric\sorted_geometric_kyrgyz_felt_rug_18.jpg,,,high
sorted_geometric_kyrgyz_felt_rug_2.jpg,geometric,train,dataset_split\train\geometric\sorted_geometric_kyrgyz_felt_rug_2.jpg,,,high
sorted_geometric_kyrgyz_felt_rug_31.jpg,geometric,train,dataset_split\train\geometric\sorted_geometric_kyrgyz_felt_rug_31.jpg,,,high
sorted_geometric_kyrgyz_felt_rug_34.jpg,geometric,train,dataset_split\train\geometric\sorted_geometric_kyrgyz_felt_rug_34.jpg,,,high
sorted_geometric_kyrgyz_shyrdak__1.jpg,geometric,train,dataset_split\train\geometric\sorted_geometric_kyrgyz_shyrdak__1.jpg,,,high
sorted_geometric_kyrgyz_shyrdak__18.jpg,geometric,train,dataset_split\train\geometric\sorted_geometric_kyrgyz_shyrdak__18.jpg,,,high
sorted_geometric_kyrgyz_shyrdak__2.jpg,geometric,train,dataset_split\train\geometric\sorted_geometric_kyrgyz_shyrdak__2.jpg,,,high
sorted_geometric_kyrgyz_shyrdak__3.jpg,geometric,train,dataset_split\train\geometric\sorted_geometric_kyrgyz_shyrdak__3.jpg,,,high
sorted_geometric_kyrgyz_traditio_17.jpg,geometric,train,dataset_split\train\geometric\sorted_geometric_kyrgyz_traditio_17.jpg,,,high
sorted_geometric_kyrgyz_traditio_3.jpg,geometric,train,dataset_split\train\geometric\sorted_geometric_kyrgyz_traditio_3.jpg,,,high
sorted_geometric_kyrgyz_traditio_6.jpg,geometric,train,dataset_split\train\geometric\sorted_geometric_kyrgyz_traditio_6.jpg,,,high
sorted_geometric_kyrgyz_traditio_7.jpg,geometric,train,dataset_split\train\geometric\sorted_geometric_kyrgyz_traditio_7.jpg,,,high
sorted_geometric_shyrdak_red_bla_12.jpg,geometric,train,dataset_split\train\geometric\sorted_geometric_shyrdak_red_bla_12.jpg,,,high
sorted_geometric_shyrdak_red_bla_14.jpg,geometric,train,dataset_split\train\geometric\sorted_geometric_shyrdak_red_bla_14.jpg,,,high
sorted_geometric_shyrdak_red_bla_8.jpg,geometric,train,dataset_split\train\geometric\sorted_geometric_shyrdak_red_bla_8.jpg,,,high
sorted_geometric_symbolic_Image_10.jpg,geometric,train,dataset_split\train\geometric\sorted_geometric_symbolic_Image_10.jpg,,,high
sorted_geometric_symbolic_Image_14.jpg,geometric,train,dataset_split\train\geometric\sorted_geometric_symbolic_Image_14.jpg,,,high
sorted_geometric_symbolic_Image_21.jpg,geometric,train,dataset_split\train\geometric\sorted_geometric_symbolic_Image_21.jpg,,,high
sorted_geometric_symbolic_kyrgyz_cultural_1.jpg,geometric,train,dataset_split\train\geometric\sorted_geometric_symbolic_kyrgyz_cultural_1.jpg,,,high
sorted_geometric_symbolic_kyrgyz_cultural_31.jpg,geometric,train,dataset_split\train\geometric\sorted_geometric_symbolic_kyrgyz_cultural_31.jpg,,,high
sorted_geometric_symbolic_kyrgyz_sun_symb_1.jpg,geometric,train,dataset_split\train\geometric\sorted_geometric_symbolic_kyrgyz_sun_symb_1.jpg,,,high
sorted_geometric_symbolic_kyrgyz_symbolic_38.jpg,geometric,train,dataset_split\train\geometric\sorted_geometric_symbolic_kyrgyz_symbolic_38.jpg,,,high
sorted_geometric_symbolic_kyrgyz_symbolic_46.jpg,geometric,train,dataset_split\train\geometric\sorted_geometric_symbolic_kyrgyz_symbolic_46.jpg,,,high
sorted_geometric_symbolic_kyrgyz_tunduk_s_10.jpg,geometric,train,dataset_split\train\geometric\sorted_geometric_symbolic_kyrgyz_tunduk_s_10.jpg,,,high
sorted_geometric_symbolic_kyrgyz_tunduk_s_19.jpg,geometric,train,dataset_split\train\geometric\sorted_geometric_symbolic_kyrgyz_tunduk_s_19.jpg,,,high
sorted_geometric_symbolic_kyrgyz_yurt_pat_29.jpg,geometric,train,dataset_split\train\geometric\sorted_geometric_symbolic_kyrgyz_yurt_pat_29.jpg,,,high
sorted_geometric_symbolic_kyrgyz_yurt_pat_3.jpg,geometric,train,dataset_split\train\geometric\sorted_geometric_symbolic_kyrgyz_yurt_pat_3.jpg,,,high
sorted_geometric_symbolic_kyrgyz_yurt_pat_34.jpg,geometric,train,dataset_split\train\geometric\sorted_geometric_symbolic_kyrgyz_yurt_pat_34.jpg,,,high
sorted_symbolic_central_asian_m_11.jpg,geometric,train,dataset_split\train\geometric\sorted_symbolic_central_asian_m_11.jpg,,,high
sorted_symbolic_central_asian_m_14.jpg,geometric,train,dataset_split\train\geometric\sorted_symbolic_central_asian_m_14.jpg,,,high
sorted_symbolic_central_asian_m_27.jpg,geometric,train,dataset_split\train\geometric\sorted_symbolic_central_asian_m_27.jpg,,,high
sorted_symbolic_central_asian_m_29.jpg,geometric,train,dataset_split\train\geometric\sorted_symbolic_central_asian_m_29.jpg,,,high
sorted_symbolic_central_asian_m_40.jpg,geometric,train,dataset_split\train\geometric\sorted_symbolic_central_asian_m_40.jpg,,,high
sorted_symbolic_central_asian_m_44.jpg,geometric,train,dataset_split\train\geometric\sorted_symbolic_central_asian_m_44.jpg,,,high
sorted_symbolic_central_asian_m_5.jpg,geometric,train,dataset_split\train\geometric\sorted_symbolic_central_asian_m_5.jpg,,,high
sorted_symbolic_central_asian_m_58.jpg,geometric,train,dataset_split\train\geometric\sorted_symbolic_central_asian_m_58.jpg,,,high
sorted_symbolic_central_asian_m_8.jpg,geometric,train,dataset_split\train\geometric\sorted_symbolic_central_asian_m_8.jpg,,,high
sorted_symbolic_central_asian_s_12.jpg,geometric,train,dataset_split\train\geometric\sorted_symbolic_central_asian_s_12.jpg,,,high
sorted_symbolic_central_asian_s_14.jpg,geometric,train,dataset_split\train\geometric\sorted_symbolic_central_asian_s_14.jpg,,,high
sorted_symbolic_central_asian_s_21.jpg,geometric,train,dataset_split\train\geometric\sorted_symbolic_central_asian_s_21.jpg,,,high
sorted_symbolic_central_asian_s_22.jpg,geometric,train,dataset_split\train\geometric\sorted_symbolic_central_asian_s_22.jpg,,,high
sorted_symbolic_central_asian_s_25.jpg,geometric,train,dataset_split\train\geometric\sorted_symbolic_central_asian_s_25.jpg,,,high
sorted_symbolic_central_asian_s_26.jpg,geometric,train,dataset_split\train\geometric\sorted_symbolic_central_asian_s_26.jpg,,,high
sorted_symbolic_central_asian_s_30.jpg,geometric,train,dataset_split\train\geometric\sorted_symbolic_central_asian_s_30.jpg,,,high
sorted_symbolic_central_asian_s_34.jpg,geometric,train,dataset_split\train\geometric\sorted_symbolic_central_asian_s_34.jpg,,,high
sorted_symbolic_kyrgyz_circular_44.jpg,geometric,train,dataset_split\train\geometric\sorted_symbolic_kyrgyz_circular_44.jpg,,,high
sorted_symbolic_kyrgyz_sun_symb_13.jpg,geometric,train,dataset_split\train\geometric\sorted_symbolic_kyrgyz_sun_symb_13.jpg,,,high
sorted_symbolic_kyrgyz_sun_symb_32.jpg,geometric,train,dataset_split\train\geometric\sorted_symbolic_kyrgyz_sun_symb_32.jpg,,,high
sorted_symbolic_kyrgyz_tunduk_o_15.jpg,geometric,train,dataset_split\train\geometric\sorted_symbolic_kyrgyz_tunduk_o_15.jpg,,,high
sorted_symbolic_kyrgyz_wheel_pa_17.jpg,geometric,train,dataset_split\train\geometric\sorted_symbolic_kyrgyz_wheel_pa_17.jpg,,,high
sorted_symbolic_kyrgyz_wheel_pa_27.jpg,geometric,train,dataset_split\train\geometric\sorted_symbolic_kyrgyz_wheel_pa_27.jpg,,,high
sorted_symbolic_tunduk_felt_car_22.jpg,geometric,train,dataset_split\train\geometric\sorted_symbolic_tunduk_felt_car_22.jpg,,,high
sorted_symbolic_tunduk_felt_car_28.jpg,geometric,train,dataset_split\train\geometric\sorted_symbolic_tunduk_felt_car_28.jpg,,,high
sorted_symbolic_tunduk_felt_car_30.jpg,geometric,train,dataset_split\train\geometric\sorted_symbolic_tunduk_felt_car_30.jpg,,,high
sorted_symbolic_tunduk_yurt_roo_1.jpg,geometric,train,dataset_split\train\geometric\sorted_symbolic_tunduk_yurt_roo_1.jpg,,,high
aug_0_0.jpg,animal,train,dataset_split\train\animal\aug_0_0.jpg,,,high
aug_100_1.jpg,animal,train,dataset_split\train\animal\aug_100_1.jpg,,,high
aug_101_2.jpg,animal,train,dataset_split\train\animal\aug_101_2.jpg,,,high
aug_102_3.jpg,animal,train,dataset_split\train\animal\aug_102_3.jpg,,,high
aug_103_4.jpg,animal,train,dataset_split\train\animal\aug_103_4.jpg,,,high
aug_104_5.jpg,animal,train,dataset_split\train\animal\aug_104_5.jpg,,,high
aug_105_6.jpg,animal,train,dataset_split\train\animal\aug_105_6.jpg,,,high
aug_106_7.jpg,animal,train,dataset_split\train\animal\aug_106_7.jpg,,,high
aug_107_8.jpg,animal,train,dataset_split\train\animal\aug_107_8.jpg,,,high
aug_108_0.jpg,animal,train,dataset_split\train\animal\aug_108_0.jpg,,,high
aug_109_1.jpg,animal,train,dataset_split\train\animal\aug_109_1.jpg,,,high
aug_10_1.jpg,animal,train,dataset_split\train\animal\aug_10_1.jpg,,,high
aug_110_2.jpg,animal,train,dataset_split\train\animal\aug_110_2.jpg,,,high
aug_111_3.jpg,animal,train,dataset_split\train\animal\aug_111_3.jpg,,,high
aug_112_4.jpg,animal,train,dataset_split\train\animal\aug_112_4.jpg,,,high
aug_113_5.jpg,animal,train,dataset_split\train\animal\aug_113_5.jpg,,,high
aug_114_6.jpg,animal,train,dataset_split\train\animal\aug_114_6.jpg,,,high
aug_115_7.jpg,animal,train,dataset_split\train\animal\aug_115_7.jpg,,,high
aug_116_8.jpg,animal,train,dataset_split\train\animal\aug_116_8.jpg,,,high
aug_117_0.jpg,animal,train,dataset_split\train\animal\aug_117_0.jpg,,,high
aug_118_1.jpg,animal,train,dataset_split\train\animal\aug_118_1.jpg,,,high
aug_119_2.jpg,animal,train,dataset_split\train\animal\aug_119_2.jpg,,,high
aug_11_2.jpg,animal,train,dataset_split\train\animal\aug_11_2.jpg,,,high
aug_120_3.jpg,animal,train,dataset_split\train\animal\aug_120_3.jpg,,,high
aug_121_4.jpg,animal,train,dataset_split\train\animal\aug_121_4.jpg,,,high
aug_12_3.jpg,animal,train,dataset_split\train\animal\aug_12_3.jpg,,,high
aug_13_4.jpg,animal,train,dataset_split\train\animal\aug_13_4.jpg,,,high
aug_14_5.jpg,animal,train,dataset_split\train\animal\aug_14_5.jpg,,,high
aug_15_6.jpg,animal,train,dataset_split\train\animal\aug_15_6.jpg,,,high
aug_16_7.jpg,animal,train,dataset_split\train\animal\aug_16_7.jpg,,,high
aug_17_8.jpg,animal,train,dataset_split\train\animal\aug_17_8.jpg,,,high
aug_18_0.jpg,animal,train,dataset_split\train\animal\aug_18_0.jpg,,,high
aug_19_1.jpg,animal,train,dataset_split\train\animal\aug_19_1.jpg,,,high
aug_1_1.jpg,animal,train,dataset_split\train\animal\aug_1_1.jpg,,,high
aug_20_2.jpg,animal,train,dataset_split\train\animal\aug_20_2.jpg,,,high
aug_21_3.jpg,animal,train,dataset_split\train\animal\aug_21_3.jpg,,,high
aug_22_4.jpg,animal,train,dataset_split\train\animal\aug_22_4.jpg,,,high
aug_23_5.jpg,animal,train,dataset_split\train\animal\aug_23_5.jpg,,,high
aug_24_6.jpg,animal,train,dataset_split\train\animal\aug_24_6.jpg,,,high
aug_25_7.jpg,animal,train,dataset_split\train\animal\aug_25_7.jpg,,,high
aug_26_8.jpg,animal,train,dataset_split\train\animal\aug_26_8.jpg,,,high
aug_27_0.jpg,animal,train,dataset_split\train\animal\aug_27_0.jpg,,,high
aug_28_1.jpg,animal,train,dataset_split\train\animal\aug_28_1.jpg,,,high
aug_29_2.jpg,animal,train,dataset_split\train\animal\aug_29_2.jpg,,,high
aug_2_2.jpg,animal,train,dataset_split\train\animal\aug_2_2.jpg,,,high
aug_30_3.jpg,animal,train,dataset_split\train\animal\aug_30_3.jpg,,,high
aug_31_4.jpg,animal,train,dataset_split\train\animal\aug_31_4.jpg,,,high
aug_32_5.jpg,animal,train,dataset_split\train\animal\aug_32_5.jpg,,,high
aug_33_6.jpg,animal,train,dataset_split\train\animal\aug_33_6.jpg,,,high
aug_34_7.jpg,animal,train,dataset_split\train\animal\aug_34_7.jpg,,,high
aug_35_8.jpg,animal,train,dataset_split\train\animal\aug_35_8.jpg,,,high
aug_36_0.jpg,animal,train,dataset_split\train\animal\aug_36_0.jpg,,,high
aug_37_1.jpg,animal,train,dataset_split\train\animal\aug_37_1.jpg,,,high
aug_38_2.jpg,animal,train,dataset_split\train\animal\aug_38_2.jpg,,,high
aug_39_3.jpg,animal,train,dataset_split\train\animal\aug_39_3.jpg,,,high
aug_3_3.jpg,animal,train,dataset_split\train\animal\aug_3_3.jpg,,,high
aug_40_4.jpg,animal,train,dataset_split\train\animal\aug_40_4.jpg,,,high
aug_41_5.jpg,animal,train,dataset_split\train\animal\aug_41_5.jpg,,,high
aug_42_6.jpg,animal,train,dataset_split\train\animal\aug_42_6.jpg,,,high
aug_43_7.jpg,animal,train,dataset_split\train\animal\aug_43_7.jpg,,,high
aug_44_8.jpg,animal,train,dataset_split\train\animal\aug_44_8.jpg,,,high
aug_45_0.jpg,animal,train,dataset_split\train\animal\aug_45_0.jpg,,,high
aug_46_1.jpg,animal,train,dataset_split\train\animal\aug_46_1.jpg,,,high
aug_47_2.jpg,animal,train,dataset_split\train\animal\aug_47_2.jpg,,,high
aug_48_3.jpg,animal,train,dataset_split\train\animal\aug_48_3.jpg,,,high
aug_49_4.jpg,animal,train,dataset_split\train\animal\aug_49_4.jpg,,,high
aug_4_4.jpg,animal,train,dataset_split\train\animal\aug_4_4.jpg,,,high
aug_50_5.jpg,animal,train,dataset_split\train\animal\aug_50_5.jpg,,,high
aug_51_6.jpg,animal,train,dataset_split\train\animal\aug_51_6.jpg,,,high
aug_52_7.jpg,animal,train,dataset_split\train\animal\aug_52_7.jpg,,,high
aug_53_8.jpg,animal,train,dataset_split\train\animal\aug_53_8.jpg,,,high
aug_54_0.jpg,animal,train,dataset_split\train\animal\aug_54_0.jpg,,,high
aug_55_1.jpg,animal,train,dataset_split\train\animal\aug_55_1.jpg,,,high
aug_56_2.jpg,animal,train,dataset_split\train\animal\aug_56_2.jpg,,,high
aug_57_3.jpg,animal,train,dataset_split\train\animal\aug_57_3.jpg,,,high
aug_58_4.jpg,animal,train,dataset_split\train\animal\aug_58_4.jpg,,,high
aug_59_5.jpg,animal,train,dataset_split\train\animal\aug_59_5.jpg,,,high
aug_5_5.jpg,animal,train,dataset_split\train\animal\aug_5_5.jpg,,,high
aug_60_6.jpg,animal,train,dataset_split\train\animal\aug_60_6.jpg,,,high
aug_61_7.jpg,animal,train,dataset_split\train\animal\aug_61_7.jpg,,,high
aug_62_8.jpg,animal,train,dataset_split\train\animal\aug_62_8.jpg,,,high
aug_63_0.jpg,animal,train,dataset_split\train\animal\aug_63_0.jpg,,,high
aug_64_1.jpg,animal,train,dataset_split\train\animal\aug_64_1.jpg,,,high
aug_65_2.jpg,animal,train,dataset_split\train\animal\aug_65_2.jpg,,,high
aug_66_3.jpg,animal,train,dataset_split\train\animal\aug_66_3.jpg,,,high
aug_67_4.jpg,animal,train,dataset_split\train\animal\aug_67_4.jpg,,,high
aug_68_5.jpg,animal,train,dataset_split\train\animal\aug_68_5.jpg,,,high
aug_69_6.jpg,animal,train,dataset_split\train\animal\aug_69_6.jpg,,,high
aug_6_6.jpg,animal,train,dataset_split\train\animal\aug_6_6.jpg,,,high
aug_70_7.jpg,animal,train,dataset_split\train\animal\aug_70_7.jpg,,,high
aug_71_8.jpg,animal,train,dataset_split\train\animal\aug_71_8.jpg,,,high
aug_72_0.jpg,animal,train,dataset_split\train\animal\aug_72_0.jpg,,,high
aug_73_1.jpg,animal,train,dataset_split\train\animal\aug_73_1.jpg,,,high
aug_74_2.jpg,animal,train,dataset_split\train\animal\aug_74_2.jpg,,,high
aug_75_3.jpg,animal,train,dataset_split\train\animal\aug_75_3.jpg,,,high
aug_76_4.jpg,animal,train,dataset_split\train\animal\aug_76_4.jpg,,,high
aug_77_5.jpg,animal,train,dataset_split\train\animal\aug_77_5.jpg,,,high
aug_78_6.jpg,animal,train,dataset_split\train\animal\aug_78_6.jpg,,,high
aug_79_7.jpg,animal,train,dataset_split\train\animal\aug_79_7.jpg,,,high
aug_7_7.jpg,animal,train,dataset_split\train\animal\aug_7_7.jpg,,,high
aug_80_8.jpg,animal,train,dataset_split\train\animal\aug_80_8.jpg,,,high
aug_81_0.jpg,animal,train,dataset_split\train\animal\aug_81_0.jpg,,,high
aug_82_1.jpg,animal,train,dataset_split\train\animal\aug_82_1.jpg,,,high
aug_83_2.jpg,animal,train,dataset_split\train\animal\aug_83_2.jpg,,,high
aug_84_3.jpg,animal,train,dataset_split\train\animal\aug_84_3.jpg,,,high
aug_85_4.jpg,animal,train,dataset_split\train\animal\aug_85_4.jpg,,,high
aug_86_5.jpg,animal,train,dataset_split\train\animal\aug_86_5.jpg,,,high
aug_87_6.jpg,animal,train,dataset_split\train\animal\aug_87_6.jpg,,,high
aug_88_7.jpg,animal,train,dataset_split\train\animal\aug_88_7.jpg,,,high
aug_89_8.jpg,animal,train,dataset_split\train\animal\aug_89_8.jpg,,,high
aug_8_8.jpg,animal,train,dataset_split\train\animal\aug_8_8.jpg,,,high
aug_90_0.jpg,animal,train,dataset_split\train\animal\aug_90_0.jpg,,,high
aug_91_1.jpg,animal,train,dataset_split\train\animal\aug_91_1.jpg,,,high
aug_92_2.jpg,animal,train,dataset_split\train\animal\aug_92_2.jpg,,,high
aug_93_3.jpg,animal,train,dataset_split\train\animal\aug_93_3.jpg,,,high
aug_94_4.jpg,animal,train,dataset_split\train\animal\aug_94_4.jpg,,,high
aug_95_5.jpg,animal,train,dataset_split\train\animal\aug_95_5.jpg,,,high
aug_96_6.jpg,animal,train,dataset_split\train\animal\aug_96_6.jpg,,,high
aug_97_7.jpg,animal,train,dataset_split\train\animal\aug_97_7.jpg,,,high
aug_98_8.jpg,animal,train,dataset_split\train\animal\aug_98_8.jpg,,,high
aug_99_0.jpg,animal,train,dataset_split\train\animal\aug_99_0.jpg,,,high
aug_9_0.jpg,animal,train,dataset_split\train\animal\aug_9_0.jpg,,,high
sorted_animal_animal_Image_12.jpg,animal,train,dataset_split\train\animal\sorted_animal_animal_Image_12.jpg,,,high
sorted_animal_animal_Image_24.jpg,animal,train,dataset_split\train\animal\sorted_animal_animal_Image_24.jpg,,,high
sorted_animal_animal_Image_25.jpg,animal,train,dataset_split\train\animal\sorted_animal_animal_Image_25.jpg,,,high
sorted_animal_animal_Image_3.jpeg,animal,train,dataset_split\train\animal\sorted_animal_animal_Image_3.jpeg,,,high
sorted_animal_animal_Image_4.jpg,animal,train,dataset_split\train\animal\sorted_animal_animal_Image_4.jpg,,,high
sorted_animal_animal_Image_8.jpg,animal,train,dataset_split\train\animal\sorted_animal_animal_Image_8.jpg,,,high
sorted_animal_animal_kyrgyz_animal_i_12.jpg,animal,train,dataset_split\train\animal\sorted_animal_animal_kyrgyz_animal_i_12.jpg,,,high
sorted_animal_animal_kyrgyz_animal_i_14.jpg,animal,train,dataset_split\train\animal\sorted_animal_animal_kyrgyz_animal_i_14.jpg,,,high
sorted_animal_animal_kyrgyz_animal_i_17.jpg,animal,train,dataset_split\train\animal\sorted_animal_animal_kyrgyz_animal_i_17.jpg,,,high
sorted_animal_animal_kyrgyz_animal_i_18.jpg,animal,train,dataset_split\train\animal\sorted_animal_animal_kyrgyz_animal_i_18.jpg,,,high
sorted_animal_animal_kyrgyz_animal_i_32.jpg,animal,train,dataset_split\train\animal\sorted_animal_animal_kyrgyz_animal_i_32.jpg,,,high
sorted_animal_animal_kyrgyz_car_1_26.jpg,animal,train,dataset_split\train\animal\sorted_animal_animal_kyrgyz_car_1_26.jpg,,,high
sorted_animal_animal_kyrgyz_car_2_2.jpg,animal,train,dataset_split\train\animal\sorted_animal_animal_kyrgyz_car_2_2.jpg,,,high
sorted_animal_animal_kyrgyz_car_2_22.jpg,animal,train,dataset_split\train\animal\sorted_animal_animal_kyrgyz_car_2_22.jpg,,,high
sorted_animal_animal_kyrgyz_car_2_9.jpg,animal,train,dataset_split\train\animal\sorted_animal_animal_kyrgyz_car_2_9.jpg,,,high
sorted_animal_animal_kyrgyz_horn_mot_1.jpg,animal,train,dataset_split\train\animal\sorted_animal_animal_kyrgyz_horn_mot_1.jpg,,,high
sorted_animal_animal_kyrgyz_horn_mot_13.jpg,animal,train,dataset_split\train\animal\sorted_animal_animal_kyrgyz_horn_mot_13.jpg,,,high
sorted_animal_animal_kyrgyz_horn_mot_14.jpg,animal,train,dataset_split\train\animal\sorted_animal_animal_kyrgyz_horn_mot_14.jpg,,,high
sorted_animal_animal_kyrgyz_horn_mot_15.jpg,animal,train,dataset_split\train\animal\sorted_animal_animal_kyrgyz_horn_mot_15.jpg,,,high
sorted_animal_animal_kyrgyz_horn_mot_22.jpg,animal,train,dataset_split\train\animal\sorted_animal_animal_kyrgyz_horn_mot_22.jpg,,,high
sorted_animal_animal_kyrgyz_horn_mot_3.jpg,animal,train,dataset_split\train\animal\sorted_animal_animal_kyrgyz_horn_mot_3.jpg,,,high
sorted_animal_animal_kyrgyz_horn_mot_4.jpg,animal,train,dataset_split\train\animal\sorted_animal_animal_kyrgyz_horn_mot_4.jpg,,,high
sorted_animal_animal_kyrgyz_horn_mot_6.jpg,animal,train,dataset_split\train\animal\sorted_animal_animal_kyrgyz_horn_mot_6.jpg,,,high
sorted_animal_animal_kyrgyz_horn_mot_8.jpg,animal,train,dataset_split\train\animal\sorted_animal_animal_kyrgyz_horn_mot_8.jpg,,,high
sorted_animal_animal_kyrgyz_kochkor__1.jpg,animal,train,dataset_split\train\animal\sorted_animal_animal_kyrgyz_kochkor__1.jpg,,,high
sorted_animal_animal_kyrgyz_kochkor__11.jpg,animal,train,dataset_split\train\animal\sorted_animal_animal_kyrgyz_kochkor__11.jpg,,,high
sorted_animal_animal_kyrgyz_kochkor__20.jpg,animal,train,dataset_split\train\animal\sorted_animal_animal_kyrgyz_kochkor__20.jpg,,,high
sorted_animal_animal_kyrgyz_kochkor__26.jpg,animal,train,dataset_split\train\animal\sorted_animal_animal_kyrgyz_kochkor__26.jpg,,,high
sorted_animal_animal_kyrgyz_zoomorph_19.jpg,animal,train,dataset_split\train\animal\sorted_animal_animal_kyrgyz_zoomorph_19.jpg,,,high
sorted_animal_animal_kyrgyz_zoomorph_34.jpg,animal,train,dataset_split\train\animal\sorted_animal_animal_kyrgyz_zoomorph_34.jpg,,,high
sorted_animal_animal_ram_horn_spiral_5.jpg,animal,train,dataset_split\train\animal\sorted_animal_animal_ram_horn_spiral_5.jpg,,,high
sorted_animal_geometric_Image_10.jpg,animal,train,dataset_split\train\animal\sorted_animal_geometric_Image_10.jpg,,,high
sorted_animal_geometric_Image_13.jpg,animal,train,dataset_split\train\animal\sorted_animal_geometric_Image_13.jpg,,,high
sorted_animal_geometric_Image_23.jpg,animal,train,dataset_split\train\animal\sorted_animal_geometric_Image_23.jpg,,,high
sorted_animal_geometric_Image_25.jpg,animal,train,dataset_split\train\animal\sorted_animal_geometric_Image_25.jpg,,,high
sorted_animal_geometric_Image_5.png,animal,train,dataset_split\train\animal\sorted_animal_geometric_Image_5.png,,,high
sorted_animal_geometric_Image_6.jpg,animal,train,dataset_split\train\animal\sorted_animal_geometric_Image_6.jpg,,,high
sorted_animal_geometric_kyrgyz_felt_car_18.jpg,animal,train,dataset_split\train\animal\sorted_animal_geometric_kyrgyz_felt_car_18.jpg,,,high
sorted_animal_geometric_kyrgyz_felt_car_22.jpg,animal,train,dataset_split\train\animal\sorted_animal_geometric_kyrgyz_felt_car_22.jpg,,,high
sorted_animal_geometric_kyrgyz_felt_car_24.jpg,animal,train,dataset_split\train\animal\sorted_animal_geometric_kyrgyz_felt_car_24.jpg,,,high
sorted_animal_geometric_kyrgyz_felt_car_25.jpg,animal,train,dataset_split\train\animal\sorted_animal_geometric_kyrgyz_felt_car_25.jpg,,,high
sorted_animal_geometric_kyrgyz_felt_car_28.jpg,animal,train,dataset_split\train\animal\sorted_animal_geometric_kyrgyz_felt_car_28.jpg,,,high
sorted_animal_geometric_kyrgyz_felt_car_30.jpg,animal,train,dataset_split\train\animal\sorted_animal_geometric_kyrgyz_felt_car_30.jpg,,,high
sorted_animal_geometric_kyrgyz_felt_car_39.jpg,animal,train,dataset_split\train\animal\sorted_animal_geometric_kyrgyz_felt_car_39.jpg,,,high
sorted_animal_geometric_kyrgyz_felt_car_43.jpg,animal,train,dataset_split\train\animal\sorted_animal_geometric_kyrgyz_felt_car_43.jpg,,,high
sorted_animal_geometric_kyrgyz_felt_car_44.jpg,animal,train,dataset_split\train\animal\sorted_animal_geometric_kyrgyz_felt_car_44.jpg,,,high
sorted_animal_geometric_kyrgyz_felt_car_45.jpg,animal,train,dataset_split\train\animal\sorted_animal_geometric_kyrgyz_felt_car_45.jpg,,,high
sorted_animal_geometric_kyrgyz_felt_car_8.jpg,animal,train,dataset_split\train\animal\sorted_animal_geometric_kyrgyz_felt_car_8.jpg,,,high
sorted_animal_geometric_shyrdak_geometr_13.jpg,animal,train,dataset_split\train\animal\sorted_animal_geometric_shyrdak_geometr_13.jpg,,,high
sorted_animal_geometric_shyrdak_geometr_17.jpg,animal,train,dataset_split\train\animal\sorted_animal_geometric_shyrdak_geometr_17.jpg,,,high
sorted_animal_geometric_shyrdak_geometr_2.jpg,animal,train,dataset_split\train\animal\sorted_animal_geometric_shyrdak_geometr_2.jpg,,,high
sorted_animal_geometric_shyrdak_geometr_21.jpg,animal,train,dataset_split\train\animal\sorted_animal_geometric_shyrdak_geometr_21.jpg,,,high
sorted_animal_geometric_shyrdak_geometr_23.jpg,animal,train,dataset_split\train\animal\sorted_animal_geometric_shyrdak_geometr_23.jpg,,,high
sorted_animal_geometric_shyrdak_geometr_35.jpg,animal,train,dataset_split\train\animal\sorted_animal_geometric_shyrdak_geometr_35.jpg,,,high
sorted_animal_geometric_shyrdak_geometr_38.jpg,animal,train,dataset_split\train\animal\sorted_animal_geometric_shyrdak_geometr_38.jpg,,,high
sorted_animal_geometric_shyrdak_geometr_47.jpg,animal,train,dataset_split\train\animal\sorted_animal_geometric_shyrdak_geometr_47.jpg,,,high
sorted_animal_geometric_shyrdak_geometr_9.jpg,animal,train,dataset_split\train\animal\sorted_animal_geometric_shyrdak_geometr_9.jpg,,,high
sorted_animal_symbolic_Image_1.jpg,animal,train,dataset_split\train\animal\sorted_animal_symbolic_Image_1.jpg,,,high
sorted_animal_symbolic_Image_17.jpg,animal,train,dataset_split\train\animal\sorted_animal_symbolic_Image_17.jpg,,,high
sorted_animal_symbolic_Image_20.jpg,animal,train,dataset_split\train\animal\sorted_animal_symbolic_Image_20.jpg,,,high
sorted_animal_symbolic_Image_22.jpg,animal,train,dataset_split\train\animal\sorted_animal_symbolic_Image_22.jpg,,,high
sorted_animal_symbolic_Image_23.jpg,animal,train,dataset_split\train\animal\sorted_animal_symbolic_Image_23.jpg,,,high
sorted_animal_symbolic_Image_7.jpg,animal,train,dataset_split\train\animal\sorted_animal_symbolic_Image_7.jpg,,,high
sorted_animal_symbolic_kyrgyz_cultural_0.jpg,animal,train,dataset_split\train\animal\sorted_animal_symbolic_kyrgyz_cultural_0.jpg,,,high
sorted_animal_symbolic_kyrgyz_cultural_2.jpg,animal,train,dataset_split\train\animal\sorted_animal_symbolic_kyrgyz_cultural_2.jpg,,,high
sorted_animal_symbolic_kyrgyz_cultural_3.jpg,animal,train,dataset_split\train\animal\sorted_animal_symbolic_kyrgyz_cultural_3.jpg,,,high
sorted_animal_symbolic_kyrgyz_cultural_4.jpg,animal,train,dataset_split\train\animal\sorted_animal_symbolic_kyrgyz_cultural_4.jpg,,,high
sorted_animal_symbolic_kyrgyz_sun_symb_13.jpg,animal,train,dataset_split\train\animal\sorted_animal_symbolic_kyrgyz_sun_symb_13.jpg,,,high
sorted_animal_symbolic_kyrgyz_sun_symb_20.jpg,animal,train,dataset_split\train\animal\sorted_animal_symbolic_kyrgyz_sun_symb_20.jpg,,,high
sorted_animal_symbolic_kyrgyz_sun_symb_22.jpg,animal,train,dataset_split\train\animal\sorted_animal_symbolic_kyrgyz_sun_symb_22.jpg,,,high
sorted_animal_symbolic_kyrgyz_sun_symb_26.jpg,animal,train,dataset_split\train\animal\sorted_animal_symbolic_kyrgyz_sun_symb_26.jpg,,,high
sorted_animal_symbolic_kyrgyz_sun_symb_28.jpg,animal,train,dataset_split\train\animal\sorted_animal_symbolic_kyrgyz_sun_symb_28.jpg,,,high
sorted_animal_symbolic_kyrgyz_sun_symb_3.jpg,animal,train,dataset_split\train\animal\sorted_animal_symbolic_kyrgyz_sun_symb_3.jpg,,,high
sorted_animal_symbolic_kyrgyz_sun_symb_30.jpg,animal,train,dataset_split\train\animal\sorted_animal_symbolic_kyrgyz_sun_symb_30.jpg,,,high
sorted_animal_symbolic_kyrgyz_sun_symb_31.jpg,animal,train,dataset_split\train\animal\sorted_animal_symbolic_kyrgyz_sun_symb_31.jpg,,,high
sorted_animal_symbolic_kyrgyz_symbolic_18.jpg,animal,train,dataset_split\train\animal\sorted_animal_symbolic_kyrgyz_symbolic_18.jpg,,,high
sorted_animal_symbolic_kyrgyz_symbolic_36.jpg,animal,train,dataset_split\train\animal\sorted_animal_symbolic_kyrgyz_symbolic_36.jpg,,,high
sorted_animal_symbolic_kyrgyz_symbolic_4.jpg,animal,train,dataset_split\train\animal\sorted_animal_symbolic_kyrgyz_symbolic_4.jpg,,,high
sorted_animal_symbolic_kyrgyz_symbolic_5.jpg,animal,train,dataset_split\train\animal\sorted_animal_symbolic_kyrgyz_symbolic_5.jpg,,,high
sorted_animal_symbolic_kyrgyz_tribal_s_12.jpg,animal,train,dataset_split\train\animal\sorted_animal_symbolic_kyrgyz_tribal_s_12.jpg,,,high
sorted_animal_symbolic_kyrgyz_tribal_s_24.jpg,animal,train,dataset_split\train\animal\sorted_animal_symbolic_kyrgyz_tribal_s_24.jpg,,,high
sorted_animal_symbolic_kyrgyz_tribal_s_8.jpg,animal,train,dataset_split\train\animal\sorted_animal_symbolic_kyrgyz_tribal_s_8.jpg,,,high
sorted_animal_symbolic_kyrgyz_tunduk_s_21.jpg,animal,train,dataset_split\train\animal\sorted_animal_symbolic_kyrgyz_tunduk_s_21.jpg,,,high
sorted_animal_symbolic_kyrgyz_yurt_pat_14.jpg,animal,train,dataset_split\train\animal\sorted_animal_symbolic_kyrgyz_yurt_pat_14.jpg,,,high
sorted_animal_symbolic_kyrgyz_yurt_pat_16.jpg,animal,train,dataset_split\train\animal\sorted_animal_symbolic_kyrgyz_yurt_pat_16.jpg,,,high
sorted_animal_symbolic_kyrgyz_yurt_pat_18.jpg,animal,train,dataset_split\train\animal\sorted_animal_symbolic_kyrgyz_yurt_pat_18.jpg,,,high
sorted_animal_symbolic_kyrgyz_yurt_pat_19.jpg,animal,train,dataset_split\train\animal\sorted_animal_symbolic_kyrgyz_yurt_pat_19.jpg,,,high
sorted_animal_symbolic_kyrgyz_yurt_pat_26.jpg,animal,train,dataset_split\train\animal\sorted_animal_symbolic_kyrgyz_yurt_pat_26.jpg,,,high
sorted_animal_symbolic_kyrgyz_yurt_pat_27.jpg,animal,train,dataset_split\train\animal\sorted_animal_symbolic_kyrgyz_yurt_pat_27.jpg,,,high
sorted_animal_symbolic_kyrgyz_yurt_pat_32.jpg,animal,train,dataset_split\train\animal\sorted_animal_symbolic_kyrgyz_yurt_pat_32.jpg,,,high
sorted_animal_symbolic_kyrgyz_yurt_pat_7.jpg,animal,train,dataset_split\train\animal\sorted_animal_symbolic_kyrgyz_yurt_pat_7.jpg,,,high
sorted_geometric_central_asian_d_14.jpg,animal,train,dataset_split\train\animal\sorted_geometric_central_asian_d_14.jpg,,,high
sorted_geometric_central_asian_d_3.jpg,animal,train,dataset_split\train\animal\sorted_geometric_central_asian_d_3.jpg,,,high
sorted_geometric_central_asian_d_35.jpg,animal,train,dataset_split\train\animal\sorted_geometric_central_asian_d_35.jpg,,,high
sorted_geometric_central_asian_d_7.jpg,animal,train,dataset_split\train\animal\sorted_geometric_central_asian_d_7.jpg,,,high
sorted_geometric_central_asian_d_8.jpg,animal,train,dataset_split\train\animal\sorted_geometric_central_asian_d_8.jpg,,,high
sorted_geometric_central_asian_z_18.jpg,animal,train,dataset_split\train\animal\sorted_geometric_central_asian_z_18.jpg,,,high
sorted_geometric_central_asian_z_19.jpg,animal,train,dataset_split\train\animal\sorted_geometric_central_asian_z_19.jpg,,,high
sorted_geometric_central_asian_z_22.jpg,animal,train,dataset_split\train\animal\sorted_geometric_central_asian_z_22.jpg,,,high
sorted_geometric_kyrgyz_felt_rug_19.jpg,animal,train,dataset_split\train\animal\sorted_geometric_kyrgyz_felt_rug_19.jpg,,,high
sorted_geometric_kyrgyz_geometri_26.jpg,animal,train,dataset_split\train\animal\sorted_geometric_kyrgyz_geometri_26.jpg,,,high
sorted_geometric_kyrgyz_shyrdak__29.jpg,animal,train,dataset_split\train\animal\sorted_geometric_kyrgyz_shyrdak__29.jpg,,,high
sorted_geometric_kyrgyz_shyrdak__4.jpg,animal,train,dataset_split\train\animal\sorted_geometric_kyrgyz_shyrdak__4.jpg,,,high
sorted_geometric_kyrgyz_traditio_24.jpg,animal,train,dataset_split\train\animal\sorted_geometric_kyrgyz_traditio_24.jpg,,,high
sorted_geometric_kyrgyz_traditio_26.jpg,animal,train,dataset_split\train\animal\sorted_geometric_kyrgyz_traditio_26.jpg,,,high
sorted_geometric_kyrgyz_traditio_9.jpg,animal,train,dataset_split\train\animal\sorted_geometric_kyrgyz_traditio_9.jpg,,,high
sorted_geometric_shyrdak_red_bla_1.jpg,animal,train,dataset_split\train\animal\sorted_geometric_shyrdak_red_bla_1.jpg,,,high
sorted_geometric_shyrdak_red_bla_10.jpg,animal,train,dataset_split\train\animal\sorted_geometric_shyrdak_red_bla_10.jpg,,,high
sorted_geometric_shyrdak_red_bla_13.jpg,animal,train,dataset_split\train\animal\sorted_geometric_shyrdak_red_bla_13.jpg,,,high
sorted_geometric_shyrdak_red_bla_16.jpg,animal,train,dataset_split\train\animal\sorted_geometric_shyrdak_red_bla_16.jpg,,,high
sorted_geometric_shyrdak_red_bla_23.jpg,animal,train,dataset_split\train\animal\sorted_geometric_shyrdak_red_bla_23.jpg,,,high
sorted_geometric_shyrdak_red_bla_5.jpg,animal,train,dataset_split\train\animal\sorted_geometric_shyrdak_red_bla_5.jpg,,,high
sorted_symbolic_central_asian_m_1.jpg,animal,train,dataset_split\train\animal\sorted_symbolic_central_asian_m_1.jpg,,,high
sorted_symbolic_central_asian_m_20.jpg,animal,train,dataset_split\train\animal\sorted_symbolic_central_asian_m_20.jpg,,,high
sorted_symbolic_central_asian_m_33.jpg,animal,train,dataset_split\train\animal\sorted_symbolic_central_asian_m_33.jpg,,,high
sorted_symbolic_central_asian_s_11.jpg,animal,train,dataset_split\train\animal\sorted_symbolic_central_asian_s_11.jpg,,,high
sorted_symbolic_central_asian_s_13.jpg,animal,train,dataset_split\train\animal\sorted_symbolic_central_asian_s_13.jpg,,,high
sorted_symbolic_central_asian_s_20.jpg,animal,train,dataset_split\train\animal\sorted_symbolic_central_asian_s_20.jpg,,,high
sorted_symbolic_central_asian_s_23.jpg,animal,train,dataset_split\train\animal\sorted_symbolic_central_asian_s_23.jpg,,,high
sorted_symbolic_central_asian_s_33.jpg,animal,train,dataset_split\train\animal\sorted_symbolic_central_asian_s_33.jpg,,,high
sorted_symbolic_central_asian_s_5.jpg,animal,train,dataset_split\train\animal\sorted_symbolic_central_asian_s_5.jpg,,,high
sorted_symbolic_kyrgyz_sun_symb_26.jpg,animal,train,dataset_split\train\animal\sorted_symbolic_kyrgyz_sun_symb_26.jpg,,,high
sorted_symbolic_kyrgyz_sun_symb_8.jpg,animal,train,dataset_split\train\animal\sorted_symbolic_kyrgyz_sun_symb_8.jpg,,,high
sorted_symbolic_tunduk_yurt_roo_20.jpg,animal,train,dataset_split\train\animal\sorted_symbolic_tunduk_yurt_roo_20.jpg,,,high
sorted_symbolic_tunduk_yurt_roo_23.jpg,animal,train,dataset_split\train\animal\sorted_symbolic_tunduk_yurt_roo_23.jpg,,,high
aug_0_0.jpg,symbolic,train,dataset_split\train\symbolic\aug_0_0.jpg,,,high
aug_100_1.jpg,symbolic,train,dataset_split\train\symbolic\aug_100_1.jpg,,,high
aug_101_2.jpg,symbolic,train,dataset_split\train\symbolic\aug_101_2.jpg,,,high
aug_102_3.jpg,symbolic,train,dataset_split\train\symbolic\aug_102_3.jpg,,,high
aug_103_4.jpg,symbolic,train,dataset_split\train\symbolic\aug_103_4.jpg,,,high
aug_104_5.jpg,symbolic,train,dataset_split\train\symbolic\aug_104_5.jpg,,,high
aug_105_6.jpg,symbolic,train,dataset_split\train\symbolic\aug_105_6.jpg,,,high
aug_106_7.jpg,symbolic,train,dataset_split\train\symbolic\aug_106_7.jpg,,,high
aug_107_8.jpg,symbolic,train,dataset_split\train\symbolic\aug_107_8.jpg,,,high
aug_108_0.jpg,symbolic,train,dataset_split\train\symbolic\aug_108_0.jpg,,,high
aug_109_1.jpg,symbolic,train,dataset_split\train\symbolic\aug_109_1.jpg,,,high
aug_10_1.jpg,symbolic,train,dataset_split\train\symbolic\aug_10_1.jpg,,,high
aug_110_2.jpg,symbolic,train,dataset_split\train\symbolic\aug_110_2.jpg,,,high
aug_111_3.jpg,symbolic,train,dataset_split\train\symbolic\aug_111_3.jpg,,,high
aug_112_4.jpg,symbolic,train,dataset_split\train\symbolic\aug_112_4.jpg,,,high
aug_113_5.jpg,symbolic,train,dataset_split\train\symbolic\aug_113_5.jpg,,,high
aug_114_6.jpg,symbolic,train,dataset_split\train\symbolic\aug_114_6.jpg,,,high
aug_115_7.jpg,symbolic,train,dataset_split\train\symbolic\aug_115_7.jpg,,,high
aug_116_8.jpg,symbolic,train,dataset_split\train\symbolic\aug_116_8.jpg,,,high
aug_117_0.jpg,symbolic,train,dataset_split\train\symbolic\aug_117_0.jpg,,,high
aug_118_1.jpg,symbolic,train,dataset_split\train\symbolic\aug_118_1.jpg,,,high
aug_119_2.jpg,symbolic,train,dataset_split\train\symbolic\aug_119_2.jpg,,,high
aug_11_2.jpg,symbolic,train,dataset_split\train\symbolic\aug_11_2.jpg,,,high
aug_12_3.jpg,symbolic,train,dataset_split\train\symbolic\aug_12_3.jpg,,,high
aug_13_4.jpg,symbolic,train,dataset_split\train\symbolic\aug_13_4.jpg,,,high
aug_14_5.jpg,symbolic,train,dataset_split\train\symbolic\aug_14_5.jpg,,,high
aug_15_6.jpg,symbolic,train,dataset_split\train\symbolic\aug_15_6.jpg,,,high
aug_16_7.jpg,symbolic,train,dataset_split\train\symbolic\aug_16_7.jpg,,,high
aug_17_8.jpg,symbolic,train,dataset_split\train\symbolic\aug_17_8.jpg,,,high
aug_18_0.jpg,symbolic,train,dataset_split\train\symbolic\aug_18_0.jpg,,,high
aug_19_1.jpg,symbolic,train,dataset_split\train\symbolic\aug_19_1.jpg,,,high
aug_1_1.jpg,symbolic,train,dataset_split\train\symbolic\aug_1_1.jpg,,,high
aug_20_2.jpg,symbolic,train,dataset_split\train\symbolic\aug_20_2.jpg,,,high
aug_21_3.jpg,symbolic,train,dataset_split\train\symbolic\aug_21_3.jpg,,,high
aug_22_4.jpg,symbolic,train,dataset_split\train\symbolic\aug_22_4.jpg,,,high
aug_23_5.jpg,symbolic,train,dataset_split\train\symbolic\aug_23_5.jpg,,,high
aug_24_6.jpg,symbolic,train,dataset_split\train\symbolic\aug_24_6.jpg,,,high
aug_25_7.jpg,symbolic,train,dataset_split\train\symbolic\aug_25_7.jpg,,,high
aug_26_8.jpg,symbolic,train,dataset_split\train\symbolic\aug_26_8.jpg,,,high
aug_27_0.jpg,symbolic,train,dataset_split\train\symbolic\aug_27_0.jpg,,,high
aug_28_1.jpg,symbolic,train,dataset_split\train\symbolic\aug_28_1.jpg,,,high
aug_29_2.jpg,symbolic,train,dataset_split\train\symbolic\aug_29_2.jpg,,,high
aug_2_2.jpg,symbolic,train,dataset_split\train\symbolic\aug_2_2.jpg,,,high
aug_30_3.jpg,symbolic,train,dataset_split\train\symbolic\aug_30_3.jpg,,,high
aug_31_4.jpg,symbolic,train,dataset_split\train\symbolic\aug_31_4.jpg,,,high
aug_32_5.jpg,symbolic,train,dataset_split\train\symbolic\aug_32_5.jpg,,,high
aug_33_6.jpg,symbolic,train,dataset_split\train\symbolic\aug_33_6.jpg,,,high
aug_34_7.jpg,symbolic,train,dataset_split\train\symbolic\aug_34_7.jpg,,,high
aug_35_8.jpg,symbolic,train,dataset_split\train\symbolic\aug_35_8.jpg,,,high
aug_36_0.jpg,symbolic,train,dataset_split\train\symbolic\aug_36_0.jpg,,,high
aug_37_1.jpg,symbolic,train,dataset_split\train\symbolic\aug_37_1.jpg,,,high
aug_38_2.jpg,symbolic,train,dataset_split\train\symbolic\aug_38_2.jpg,,,high
aug_39_3.jpg,symbolic,train,dataset_split\train\symbolic\aug_39_3.jpg,,,high
aug_3_3.jpg,symbolic,train,dataset_split\train\symbolic\aug_3_3.jpg,,,high
aug_40_4.jpg,symbolic,train,dataset_split\train\symbolic\aug_40_4.jpg,,,high
aug_41_5.jpg,symbolic,train,dataset_split\train\symbolic\aug_41_5.jpg,,,high
aug_42_6.jpg,symbolic,train,dataset_split\train\symbolic\aug_42_6.jpg,,,high
aug_43_7.jpg,symbolic,train,dataset_split\train\symbolic\aug_43_7.jpg,,,high
aug_44_8.jpg,symbolic,train,dataset_split\train\symbolic\aug_44_8.jpg,,,high
aug_45_0.jpg,symbolic,train,dataset_split\train\symbolic\aug_45_0.jpg,,,high
aug_46_1.jpg,symbolic,train,dataset_split\train\symbolic\aug_46_1.jpg,,,high
aug_47_2.jpg,symbolic,train,dataset_split\train\symbolic\aug_47_2.jpg,,,high
aug_48_3.jpg,symbolic,train,dataset_split\train\symbolic\aug_48_3.jpg,,,high
aug_49_4.jpg,symbolic,train,dataset_split\train\symbolic\aug_49_4.jpg,,,high
aug_4_4.jpg,symbolic,train,dataset_split\train\symbolic\aug_4_4.jpg,,,high
aug_50_5.jpg,symbolic,train,dataset_split\train\symbolic\aug_50_5.jpg,,,high
aug_51_6.jpg,symbolic,train,dataset_split\train\symbolic\aug_51_6.jpg,,,high
aug_52_7.jpg,symbolic,train,dataset_split\train\symbolic\aug_52_7.jpg,,,high
aug_53_8.jpg,symbolic,train,dataset_split\train\symbolic\aug_53_8.jpg,,,high
aug_54_0.jpg,symbolic,train,dataset_split\train\symbolic\aug_54_0.jpg,,,high
aug_55_1.jpg,symbolic,train,dataset_split\train\symbolic\aug_55_1.jpg,,,high
aug_56_2.jpg,symbolic,train,dataset_split\train\symbolic\aug_56_2.jpg,,,high
aug_57_3.jpg,symbolic,train,dataset_split\train\symbolic\aug_57_3.jpg,,,high
aug_58_4.jpg,symbolic,train,dataset_split\train\symbolic\aug_58_4.jpg,,,high
aug_59_5.jpg,symbolic,train,dataset_split\train\symbolic\aug_59_5.jpg,,,high
aug_5_5.jpg,symbolic,train,dataset_split\train\symbolic\aug_5_5.jpg,,,high
aug_60_6.jpg,symbolic,train,dataset_split\train\symbolic\aug_60_6.jpg,,,high
aug_61_7.jpg,symbolic,train,dataset_split\train\symbolic\aug_61_7.jpg,,,high
aug_62_8.jpg,symbolic,train,dataset_split\train\symbolic\aug_62_8.jpg,,,high
aug_63_0.jpg,symbolic,train,dataset_split\train\symbolic\aug_63_0.jpg,,,high
aug_64_1.jpg,symbolic,train,dataset_split\train\symbolic\aug_64_1.jpg,,,high
aug_65_2.jpg,symbolic,train,dataset_split\train\symbolic\aug_65_2.jpg,,,high
aug_66_3.jpg,symbolic,train,dataset_split\train\symbolic\aug_66_3.jpg,,,high
aug_67_4.jpg,symbolic,train,dataset_split\train\symbolic\aug_67_4.jpg,,,high
aug_68_5.jpg,symbolic,train,dataset_split\train\symbolic\aug_68_5.jpg,,,high
aug_69_6.jpg,symbolic,train,dataset_split\train\symbolic\aug_69_6.jpg,,,high
aug_6_6.jpg,symbolic,train,dataset_split\train\symbolic\aug_6_6.jpg,,,high
aug_70_7.jpg,symbolic,train,dataset_split\train\symbolic\aug_70_7.jpg,,,high
aug_71_8.jpg,symbolic,train,dataset_split\train\symbolic\aug_71_8.jpg,,,high
aug_72_0.jpg,symbolic,train,dataset_split\train\symbolic\aug_72_0.jpg,,,high
aug_73_1.jpg,symbolic,train,dataset_split\train\symbolic\aug_73_1.jpg,,,high
aug_74_2.jpg,symbolic,train,dataset_split\train\symbolic\aug_74_2.jpg,,,high
aug_75_3.jpg,symbolic,train,dataset_split\train\symbolic\aug_75_3.jpg,,,high
aug_76_4.jpg,symbolic,train,dataset_split\train\symbolic\aug_76_4.jpg,,,high
aug_77_5.jpg,symbolic,train,dataset_split\train\symbolic\aug_77_5.jpg,,,high
aug_78_6.jpg,symbolic,train,dataset_split\train\symbolic\aug_78_6.jpg,,,high
aug_79_7.jpg,symbolic,train,dataset_split\train\symbolic\aug_79_7.jpg,,,high
aug_7_7.jpg,symbolic,train,dataset_split\train\symbolic\aug_7_7.jpg,,,high
aug_80_8.jpg,symbolic,train,dataset_split\train\symbolic\aug_80_8.jpg,,,high
aug_81_0.jpg,symbolic,train,dataset_split\train\symbolic\aug_81_0.jpg,,,high
aug_82_1.jpg,symbolic,train,dataset_split\train\symbolic\aug_82_1.jpg,,,high
aug_83_2.jpg,symbolic,train,dataset_split\train\symbolic\aug_83_2.jpg,,,high
aug_84_3.jpg,symbolic,train,dataset_split\train\symbolic\aug_84_3.jpg,,,high
aug_85_4.jpg,symbolic,train,dataset_split\train\symbolic\aug_85_4.jpg,,,high
aug_86_5.jpg,symbolic,train,dataset_split\train\symbolic\aug_86_5.jpg,,,high
aug_87_6.jpg,symbolic,train,dataset_split\train\symbolic\aug_87_6.jpg,,,high
aug_88_7.jpg,symbolic,train,dataset_split\train\symbolic\aug_88_7.jpg,,,high
aug_89_8.jpg,symbolic,train,dataset_split\train\symbolic\aug_89_8.jpg,,,high
aug_8_8.jpg,symbolic,train,dataset_split\train\symbolic\aug_8_8.jpg,,,high
aug_90_0.jpg,symbolic,train,dataset_split\train\symbolic\aug_90_0.jpg,,,high
aug_91_1.jpg,symbolic,train,dataset_split\train\symbolic\aug_91_1.jpg,,,high
aug_92_2.jpg,symbolic,train,dataset_split\train\symbolic\aug_92_2.jpg,,,high
aug_93_3.jpg,symbolic,train,dataset_split\train\symbolic\aug_93_3.jpg,,,high
aug_94_4.jpg,symbolic,train,dataset_split\train\symbolic\aug_94_4.jpg,,,high
aug_95_5.jpg,symbolic,train,dataset_split\train\symbolic\aug_95_5.jpg,,,high
aug_96_6.jpg,symbolic,train,dataset_split\train\symbolic\aug_96_6.jpg,,,high
aug_97_7.jpg,symbolic,train,dataset_split\train\symbolic\aug_97_7.jpg,,,high
aug_98_8.jpg,symbolic,train,dataset_split\train\symbolic\aug_98_8.jpg,,,high
aug_99_0.jpg,symbolic,train,dataset_split\train\symbolic\aug_99_0.jpg,,,high
aug_9_0.jpg,symbolic,train,dataset_split\train\symbolic\aug_9_0.jpg,,,high
sorted_geometric_central_asian_z_2.jpg,symbolic,train,dataset_split\train\symbolic\sorted_geometric_central_asian_z_2.jpg,,,high
sorted_geometric_central_asian_z_5.jpg,symbolic,train,dataset_split\train\symbolic\sorted_geometric_central_asian_z_5.jpg,,,high
sorted_geometric_kyrgyz_angular__10.jpg,symbolic,train,dataset_split\train\symbolic\sorted_geometric_kyrgyz_angular__10.jpg,,,high
sorted_geometric_kyrgyz_angular__18.jpg,symbolic,train,dataset_split\train\symbolic\sorted_geometric_kyrgyz_angular__18.jpg,,,high
sorted_geometric_kyrgyz_angular__30.jpg,symbolic,train,dataset_split\train\symbolic\sorted_geometric_kyrgyz_angular__30.jpg,,,high
sorted_geometric_kyrgyz_geometri_29.jpg,symbolic,train,dataset_split\train\symbolic\sorted_geometric_kyrgyz_geometri_29.jpg,,,high
sorted_geometric_kyrgyz_shyrdak__22.jpg,symbolic,train,dataset_split\train\symbolic\sorted_geometric_kyrgyz_shyrdak__22.jpg,,,high
sorted_geometric_kyrgyz_traditio_10.jpg,symbolic,train,dataset_split\train\symbolic\sorted_geometric_kyrgyz_traditio_10.jpg,,,high
sorted_geometric_shyrdak_red_bla_15.jpg,symbolic,train,dataset_split\train\symbolic\sorted_geometric_shyrdak_red_bla_15.jpg,,,high
sorted_symbolic_animal_central_as_2_24.jpg,symbolic,train,dataset_split\train\symbolic\sorted_symbolic_animal_central_as_2_24.jpg,,,high
sorted_symbolic_animal_Image_16.jpg,symbolic,train,dataset_split\train\symbolic\sorted_symbolic_animal_Image_16.jpg,,,high
sorted_symbolic_animal_Image_22.jpg,symbolic,train,dataset_split\train\symbolic\sorted_symbolic_animal_Image_22.jpg,,,high
sorted_symbolic_animal_Image_23.jpg,symbolic,train,dataset_split\train\symbolic\sorted_symbolic_animal_Image_23.jpg,,,high
sorted_symbolic_animal_kyrgyz_nomadic__17.jpg,symbolic,train,dataset_split\train\symbolic\sorted_symbolic_animal_kyrgyz_nomadic__17.jpg,,,high
sorted_symbolic_animal_kyrgyz_zoomorph_26.jpg,symbolic,train,dataset_split\train\symbolic\sorted_symbolic_animal_kyrgyz_zoomorph_26.jpg,,,high
sorted_symbolic_central_asian_m_15.jpg,symbolic,train,dataset_split\train\symbolic\sorted_symbolic_central_asian_m_15.jpg,,,high
sorted_symbolic_central_asian_m_16.jpg,symbolic,train,dataset_split\train\symbolic\sorted_symbolic_central_asian_m_16.jpg,,,high
sorted_symbolic_central_asian_m_23.jpg,symbolic,train,dataset_split\train\symbolic\sorted_symbolic_central_asian_m_23.jpg,,,high
sorted_symbolic_central_asian_m_24.jpg,symbolic,train,dataset_split\train\symbolic\sorted_symbolic_central_asian_m_24.jpg,,,high
sorted_symbolic_central_asian_m_26.jpg,symbolic,train,dataset_split\train\symbolic\sorted_symbolic_central_asian_m_26.jpg,,,high
sorted_symbolic_central_asian_m_28.jpg,symbolic,train,dataset_split\train\symbolic\sorted_symbolic_central_asian_m_28.jpg,,,high
sorted_symbolic_central_asian_m_32.jpg,symbolic,train,dataset_split\train\symbolic\sorted_symbolic_central_asian_m_32.jpg,,,high
sorted_symbolic_central_asian_m_36.jpg,symbolic,train,dataset_split\train\symbolic\sorted_symbolic_central_asian_m_36.jpg,,,high
sorted_symbolic_central_asian_m_37.jpg,symbolic,train,dataset_split\train\symbolic\sorted_symbolic_central_asian_m_37.jpg,,,high
sorted_symbolic_central_asian_m_38.jpg,symbolic,train,dataset_split\train\symbolic\sorted_symbolic_central_asian_m_38.jpg,,,high
sorted_symbolic_central_asian_m_42.jpg,symbolic,train,dataset_split\train\symbolic\sorted_symbolic_central_asian_m_42.jpg,,,high
sorted_symbolic_central_asian_m_46.jpg,symbolic,train,dataset_split\train\symbolic\sorted_symbolic_central_asian_m_46.jpg,,,high
sorted_symbolic_central_asian_m_47.jpg,symbolic,train,dataset_split\train\symbolic\sorted_symbolic_central_asian_m_47.jpg,,,high
sorted_symbolic_central_asian_m_50.jpg,symbolic,train,dataset_split\train\symbolic\sorted_symbolic_central_asian_m_50.jpg,,,high
sorted_symbolic_central_asian_m_59.jpg,symbolic,train,dataset_split\train\symbolic\sorted_symbolic_central_asian_m_59.jpg,,,high
sorted_symbolic_central_asian_m_6.jpg,symbolic,train,dataset_split\train\symbolic\sorted_symbolic_central_asian_m_6.jpg,,,high
sorted_symbolic_central_asian_s_19.jpg,symbolic,train,dataset_split\train\symbolic\sorted_symbolic_central_asian_s_19.jpg,,,high
sorted_symbolic_central_asian_s_2.jpg,symbolic,train,dataset_split\train\symbolic\sorted_symbolic_central_asian_s_2.jpg,,,high
sorted_symbolic_central_asian_s_24.jpg,symbolic,train,dataset_split\train\symbolic\sorted_symbolic_central_asian_s_24.jpg,,,high
sorted_symbolic_central_asian_s_29.jpg,symbolic,train,dataset_split\train\symbolic\sorted_symbolic_central_asian_s_29.jpg,,,high
sorted_symbolic_central_asian_s_4.jpg,symbolic,train,dataset_split\train\symbolic\sorted_symbolic_central_asian_s_4.jpg,,,high
sorted_symbolic_central_asian_s_6.jpg,symbolic,train,dataset_split\train\symbolic\sorted_symbolic_central_asian_s_6.jpg,,,high
sorted_symbolic_central_asian_s_7.jpg,symbolic,train,dataset_split\train\symbolic\sorted_symbolic_central_asian_s_7.jpg,,,high
sorted_symbolic_geometric_kyrgyz_felt_car_37.jpg,symbolic,train,dataset_split\train\symbolic\sorted_symbolic_geometric_kyrgyz_felt_car_37.jpg,,,high
sorted_symbolic_kyrgyz_circular_1.jpg,symbolic,train,dataset_split\train\symbolic\sorted_symbolic_kyrgyz_circular_1.jpg,,,high
sorted_symbolic_kyrgyz_circular_17.jpg,symbolic,train,dataset_split\train\symbolic\sorted_symbolic_kyrgyz_circular_17.jpg,,,high
sorted_symbolic_kyrgyz_circular_19.jpg,symbolic,train,dataset_split\train\symbolic\sorted_symbolic_kyrgyz_circular_19.jpg,,,high
sorted_symbolic_kyrgyz_circular_2.jpg,symbolic,train,dataset_split\train\symbolic\sorted_symbolic_kyrgyz_circular_2.jpg,,,high
sorted_symbolic_kyrgyz_circular_21.jpg,symbolic,train,dataset_split\train\symbolic\sorted_symbolic_kyrgyz_circular_21.jpg,,,high
sorted_symbolic_kyrgyz_circular_22.jpg,symbolic,train,dataset_split\train\symbolic\sorted_symbolic_kyrgyz_circular_22.jpg,,,high
sorted_symbolic_kyrgyz_circular_23.jpg,symbolic,train,dataset_split\train\symbolic\sorted_symbolic_kyrgyz_circular_23.jpg,,,high
sorted_symbolic_kyrgyz_circular_28.jpg,symbolic,train,dataset_split\train\symbolic\sorted_symbolic_kyrgyz_circular_28.jpg,,,high
sorted_symbolic_kyrgyz_circular_3.jpg,symbolic,train,dataset_split\train\symbolic\sorted_symbolic_kyrgyz_circular_3.jpg,,,high
sorted_symbolic_kyrgyz_circular_31.jpg,symbolic,train,dataset_split\train\symbolic\sorted_symbolic_kyrgyz_circular_31.jpg,,,high
sorted_symbolic_kyrgyz_circular_33.jpg,symbolic,train,dataset_split\train\symbolic\sorted_symbolic_kyrgyz_circular_33.jpg,,,high
sorted_symbolic_kyrgyz_circular_36.jpg,symbolic,train,dataset_split\train\symbolic\sorted_symbolic_kyrgyz_circular_36.jpg,,,high
sorted_symbolic_kyrgyz_circular_4.jpg,symbolic,train,dataset_split\train\symbolic\sorted_symbolic_kyrgyz_circular_4.jpg,,,high
sorted_symbolic_kyrgyz_circular_48.jpg,symbolic,train,dataset_split\train\symbolic\sorted_symbolic_kyrgyz_circular_48.jpg,,,high
sorted_symbolic_kyrgyz_circular_49.jpg,symbolic,train,dataset_split\train\symbolic\sorted_symbolic_kyrgyz_circular_49.jpg,,,high
sorted_symbolic_kyrgyz_circular_6.jpg,symbolic,train,dataset_split\train\symbolic\sorted_symbolic_kyrgyz_circular_6.jpg,,,high
sorted_symbolic_kyrgyz_cosmic_s_0.jpg,symbolic,train,dataset_split\train\symbolic\sorted_symbolic_kyrgyz_cosmic_s_0.jpg,,,high
sorted_symbolic_kyrgyz_cosmic_s_1.jpg,symbolic,train,dataset_split\train\symbolic\sorted_symbolic_kyrgyz_cosmic_s_1.jpg,,,high
sorted_symbolic_kyrgyz_cosmic_s_18.jpg,symbolic,train,dataset_split\train\symbolic\sorted_symbolic_kyrgyz_cosmic_s_18.jpg,,,high
sorted_symbolic_kyrgyz_cosmic_s_3.jpg,symbolic,train,dataset_split\train\symbolic\sorted_symbolic_kyrgyz_cosmic_s_3.jpg,,,high
sorted_symbolic_kyrgyz_cosmic_s_34.jpg,symbolic,train,dataset_split\train\symbolic\sorted_symbolic_kyrgyz_cosmic_s_34.jpg,,,high
sorted_symbolic_kyrgyz_cosmic_s_6.jpg,symbolic,train,dataset_split\train\symbolic\sorted_symbolic_kyrgyz_cosmic_s_6.jpg,,,high
sorted_symbolic_kyrgyz_cosmic_s_7.jpg,symbolic,train,dataset_split\train\symbolic\sorted_symbolic_kyrgyz_cosmic_s_7.jpg,,,high
sorted_symbolic_kyrgyz_round_me_0.jpg,symbolic,train,dataset_split\train\symbolic\sorted_symbolic_kyrgyz_round_me_0.jpg,,,high
sorted_symbolic_kyrgyz_round_me_13.jpg,symbolic,train,dataset_split\train\symbolic\sorted_symbolic_kyrgyz_round_me_13.jpg,,,high
sorted_symbolic_kyrgyz_round_me_17.jpg,symbolic,train,dataset_split\train\symbolic\sorted_symbolic_kyrgyz_round_me_17.jpg,,,high
sorted_symbolic_kyrgyz_round_me_23.jpg,symbolic,train,dataset_split\train\symbolic\sorted_symbolic_kyrgyz_round_me_23.jpg,,,high
sorted_symbolic_kyrgyz_round_me_25.jpg,symbolic,train,dataset_split\train\symbolic\sorted_symbolic_kyrgyz_round_me_25.jpg,,,high
sorted_symbolic_kyrgyz_round_me_28.jpg,symbolic,train,dataset_split\train\symbolic\sorted_symbolic_kyrgyz_round_me_28.jpg,,,high
sorted_symbolic_kyrgyz_round_me_3.jpg,symbolic,train,dataset_split\train\symbolic\sorted_symbolic_kyrgyz_round_me_3.jpg,,,high
sorted_symbolic_kyrgyz_round_me_31.jpg,symbolic,train,dataset_split\train\symbolic\sorted_symbolic_kyrgyz_round_me_31.jpg,,,high
sorted_symbolic_kyrgyz_round_me_34.jpg,symbolic,train,dataset_split\train\symbolic\sorted_symbolic_kyrgyz_round_me_34.jpg,,,high
sorted_symbolic_kyrgyz_round_me_6.jpg,symbolic,train,dataset_split\train\symbolic\sorted_symbolic_kyrgyz_round_me_6.jpg,,,high
sorted_symbolic_kyrgyz_sun_symb_11.jpg,symbolic,train,dataset_split\train\symbolic\sorted_symbolic_kyrgyz_sun_symb_11.jpg,,,high
sorted_symbolic_kyrgyz_sun_symb_15.jpg,symbolic,train,dataset_split\train\symbolic\sorted_symbolic_kyrgyz_sun_symb_15.jpg,,,high
sorted_symbolic_kyrgyz_sun_symb_16.jpg,symbolic,train,dataset_split\train\symbolic\sorted_symbolic_kyrgyz_sun_symb_16.jpg,,,high
sorted_symbolic_kyrgyz_sun_symb_18.jpg,symbolic,train,dataset_split\train\symbolic\sorted_symbolic_kyrgyz_sun_symb_18.jpg,,,high
sorted_symbolic_kyrgyz_sun_symb_21.jpg,symbolic,train,dataset_split\train\symbolic\sorted_symbolic_kyrgyz_sun_symb_21.jpg,,,high
sorted_symbolic_kyrgyz_sun_symb_28.jpg,symbolic,train,dataset_split\train\symbolic\sorted_symbolic_kyrgyz_sun_symb_28.jpg,,,high
sorted_symbolic_kyrgyz_tunduk_o_16.jpg,symbolic,train,dataset_split\train\symbolic\sorted_symbolic_kyrgyz_tunduk_o_16.jpg,,,high
sorted_symbolic_kyrgyz_tunduk_o_30.jpg,symbolic,train,dataset_split\train\symbolic\sorted_symbolic_kyrgyz_tunduk_o_30.jpg,,,high
sorted_symbolic_kyrgyz_wheel_pa_0.jpg,symbolic,train,dataset_split\train\symbolic\sorted_symbolic_kyrgyz_wheel_pa_0.jpg,,,high
sorted_symbolic_kyrgyz_wheel_pa_10.jpg,symbolic,train,dataset_split\train\symbolic\sorted_symbolic_kyrgyz_wheel_pa_10.jpg,,,high
sorted_symbolic_kyrgyz_wheel_pa_15.jpg,symbolic,train,dataset_split\train\symbolic\sorted_symbolic_kyrgyz_wheel_pa_15.jpg,,,high
sorted_symbolic_kyrgyz_wheel_pa_22.jpg,symbolic,train,dataset_split\train\symbolic\sorted_symbolic_kyrgyz_wheel_pa_22.jpg,,,high
sorted_symbolic_kyrgyz_wheel_pa_26.jpg,symbolic,train,dataset_split\train\symbolic\sorted_symbolic_kyrgyz_wheel_pa_26.jpg,,,high
sorted_symbolic_kyrgyz_wheel_pa_3.jpg,symbolic,train,dataset_split\train\symbolic\sorted_symbolic_kyrgyz_wheel_pa_3.jpg,,,high
sorted_symbolic_kyrgyz_wheel_pa_32.jpg,symbolic,train,dataset_split\train\symbolic\sorted_symbolic_kyrgyz_wheel_pa_32.jpg,,,high
sorted_symbolic_kyrgyz_wheel_pa_8.jpg,symbolic,train,dataset_split\train\symbolic\sorted_symbolic_kyrgyz_wheel_pa_8.jpg,,,high
sorted_symbolic_kyrgyz_wheel_pa_9.jpg,symbolic,train,dataset_split\train\symbolic\sorted_symbolic_kyrgyz_wheel_pa_9.jpg,,,high
sorted_symbolic_symbolic_Image_2.jpg,symbolic,train,dataset_split\train\symbolic\sorted_symbolic_symbolic_Image_2.jpg,,,high
sorted_symbolic_symbolic_Image_3.jpg,symbolic,train,dataset_split\train\symbolic\sorted_symbolic_symbolic_Image_3.jpg,,,high
sorted_symbolic_symbolic_Image_5.jpg,symbolic,train,dataset_split\train\symbolic\sorted_symbolic_symbolic_Image_5.jpg,,,high
sorted_symbolic_symbolic_kyrgyz_cultural_10.jpg,symbolic,train,dataset_split\train\symbolic\sorted_symbolic_symbolic_kyrgyz_cultural_10.jpg,,,high
sorted_symbolic_symbolic_kyrgyz_cultural_21.jpg,symbolic,train,dataset_split\train\symbolic\sorted_symbolic_symbolic_kyrgyz_cultural_21.jpg,,,high
sorted_symbolic_symbolic_kyrgyz_sun_symb_24.jpg,symbolic,train,dataset_split\train\symbolic\sorted_symbolic_symbolic_kyrgyz_sun_symb_24.jpg,,,high
sorted_symbolic_symbolic_kyrgyz_symbolic_0.jpg,symbolic,train,dataset_split\train\symbolic\sorted_symbolic_symbolic_kyrgyz_symbolic_0.jpg,,,high
sorted_symbolic_symbolic_kyrgyz_symbolic_10.jpg,symbolic,train,dataset_split\train\symbolic\sorted_symbolic_symbolic_kyrgyz_symbolic_10.jpg,,,high
sorted_symbolic_symbolic_kyrgyz_symbolic_35.jpg,symbolic,train,dataset_split\train\symbolic\sorted_symbolic_symbolic_kyrgyz_symbolic_35.jpg,,,high
sorted_symbolic_symbolic_kyrgyz_symbolic_39.jpg,symbolic,train,dataset_split\train\symbolic\sorted_symbolic_symbolic_kyrgyz_symbolic_39.jpg,,,high
sorted_symbolic_symbolic_kyrgyz_symbolic_47.jpg,symbolic,train,dataset_split\train\symbolic\sorted_symbolic_symbolic_kyrgyz_symbolic_47.jpg,,,high
sorted_symbolic_symbolic_kyrgyz_symbolic_48.jpg,symbolic,train,dataset_split\train\symbolic\sorted_symbolic_symbolic_kyrgyz_symbolic_48.jpg,,,high
sorted_symbolic_symbolic_kyrgyz_symbolic_6.jpg,symbolic,train,dataset_split\train\symbolic\sorted_symbolic_symbolic_kyrgyz_symbolic_6.jpg,,,high
sorted_symbolic_symbolic_kyrgyz_tribal_s_22.jpg,symbolic,train,dataset_split\train\symbolic\sorted_symbolic_symbolic_kyrgyz_tribal_s_22.jpg,,,high
sorted_symbolic_symbolic_kyrgyz_tribal_s_31.jpg,symbolic,train,dataset_split\train\symbolic\sorted_symbolic_symbolic_kyrgyz_tribal_s_31.jpg,,,high
sorted_symbolic_symbolic_kyrgyz_yurt_pat_12.jpg,symbolic,train,dataset_split\train\symbolic\sorted_symbolic_symbolic_kyrgyz_yurt_pat_12.jpg,,,high
sorted_symbolic_symbolic_kyrgyz_yurt_pat_21.jpg,symbolic,train,dataset_split\train\symbolic\sorted_symbolic_symbolic_kyrgyz_yurt_pat_21.jpg,,,high
sorted_symbolic_symbolic_kyrgyz_yurt_pat_25.jpg,symbolic,train,dataset_split\train\symbolic\sorted_symbolic_symbolic_kyrgyz_yurt_pat_25.jpg,,,high
sorted_symbolic_symbolic_kyrgyz_yurt_pat_5.jpg,symbolic,train,dataset_split\train\symbolic\sorted_symbolic_symbolic_kyrgyz_yurt_pat_5.jpg,,,high
sorted_symbolic_tunduk_felt_car_0.jpg,symbolic,train,dataset_split\train\symbolic\sorted_symbolic_tunduk_felt_car_0.jpg,,,high
sorted_symbolic_tunduk_felt_car_1.jpg,symbolic,train,dataset_split\train\symbolic\sorted_symbolic_tunduk_felt_car_1.jpg,,,high
sorted_symbolic_tunduk_felt_car_16.jpg,symbolic,train,dataset_split\train\symbolic\sorted_symbolic_tunduk_felt_car_16.jpg,,,high
sorted_symbolic_tunduk_felt_car_17.jpg,symbolic,train,dataset_split\train\symbolic\sorted_symbolic_tunduk_felt_car_17.jpg,,,high
sorted_symbolic_tunduk_felt_car_2.jpg,symbolic,train,dataset_split\train\symbolic\sorted_symbolic_tunduk_felt_car_2.jpg,,,high
sorted_symbolic_tunduk_felt_car_21.jpg,symbolic,train,dataset_split\train\symbolic\sorted_symbolic_tunduk_felt_car_21.jpg,,,high
sorted_symbolic_tunduk_felt_car_24.jpg,symbolic,train,dataset_split\train\symbolic\sorted_symbolic_tunduk_felt_car_24.jpg,,,high
sorted_symbolic_tunduk_felt_car_26.jpg,symbolic,train,dataset_split\train\symbolic\sorted_symbolic_tunduk_felt_car_26.jpg,,,high
sorted_symbolic_tunduk_felt_car_27.jpg,symbolic,train,dataset_split\train\symbolic\sorted_symbolic_tunduk_felt_car_27.jpg,,,high
sorted_symbolic_tunduk_felt_car_4.jpg,symbolic,train,dataset_split\train\symbolic\sorted_symbolic_tunduk_felt_car_4.jpg,,,high
sorted_symbolic_tunduk_felt_car_5.jpg,symbolic,train,dataset_split\train\symbolic\sorted_symbolic_tunduk_felt_car_5.jpg,,,high
sorted_symbolic_tunduk_felt_car_7.jpg,symbolic,train,dataset_split\train\symbolic\sorted_symbolic_tunduk_felt_car_7.jpg,,,high
sorted_symbolic_tunduk_yurt_roo_11.jpg,symbolic,train,dataset_split\train\symbolic\sorted_symbolic_tunduk_yurt_roo_11.jpg,,,high
sorted_symbolic_tunduk_yurt_roo_14.jpg,symbolic,train,dataset_split\train\symbolic\sorted_symbolic_tunduk_yurt_roo_14.jpg,,,high
sorted_symbolic_tunduk_yurt_roo_22.jpg,symbolic,train,dataset_split\train\symbolic\sorted_symbolic_tunduk_yurt_roo_22.jpg,,,high
sorted_symbolic_tunduk_yurt_roo_3.jpg,symbolic,train,dataset_split\train\symbolic\sorted_symbolic_tunduk_yurt_roo_3.jpg,,,high
sorted_symbolic_tunduk_yurt_roo_33.jpg,symbolic,train,dataset_split\train\symbolic\sorted_symbolic_tunduk_yurt_roo_33.jpg,,,high
sorted_symbolic_tunduk_yurt_roo_6.jpg,symbolic,train,dataset_split\train\symbolic\sorted_symbolic_tunduk_yurt_roo_6.jpg,,,high
sorted_geometric_animal_kyrgyz_car_2_19.jpg,geometric,val,dataset_split\val\geometric\sorted_geometric_animal_kyrgyz_car_2_19.jpg,,,high
sorted_geometric_animal_kyrgyz_nomadic__23.jpg,geometric,val,dataset_split\val\geometric\sorted_geometric_animal_kyrgyz_nomadic__23.jpg,,,high
sorted_geometric_animal_kyrgyz_nomadic__29.jpg,geometric,val,dataset_split\val\geometric\sorted_geometric_animal_kyrgyz_nomadic__29.jpg,,,high
sorted_geometric_animal_kyrgyz_nomadic__30.jpg,geometric,val,dataset_split\val\geometric\sorted_geometric_animal_kyrgyz_nomadic__30.jpg,,,high
sorted_geometric_animal_ram_horn_spiral_18.jpg,geometric,val,dataset_split\val\geometric\sorted_geometric_animal_ram_horn_spiral_18.jpg,,,high
sorted_geometric_animal_ram_horn_spiral_2.jpg,geometric,val,dataset_split\val\geometric\sorted_geometric_animal_ram_horn_spiral_2.jpg,,,high
sorted_geometric_central_asian_d_10.jpg,geometric,val,dataset_split\val\geometric\sorted_geometric_central_asian_d_10.jpg,,,high
sorted_geometric_central_asian_d_34.jpg,geometric,val,dataset_split\val\geometric\sorted_geometric_central_asian_d_34.jpg,,,high
sorted_geometric_central_asian_z_16.jpg,geometric,val,dataset_split\val\geometric\sorted_geometric_central_asian_z_16.jpg,,,high
sorted_geometric_central_asian_z_17.jpg,geometric,val,dataset_split\val\geometric\sorted_geometric_central_asian_z_17.jpg,,,high
sorted_geometric_central_asian_z_23.jpg,geometric,val,dataset_split\val\geometric\sorted_geometric_central_asian_z_23.jpg,,,high
sorted_geometric_central_asian_z_30.jpg,geometric,val,dataset_split\val\geometric\sorted_geometric_central_asian_z_30.jpg,,,high
sorted_geometric_geometric_Image_14.jpg,geometric,val,dataset_split\val\geometric\sorted_geometric_geometric_Image_14.jpg,,,high
sorted_geometric_geometric_shyrdak_geometr_41.jpg,geometric,val,dataset_split\val\geometric\sorted_geometric_geometric_shyrdak_geometr_41.jpg,,,high
sorted_geometric_kyrgyz_traditio_12.jpg,geometric,val,dataset_split\val\geometric\sorted_geometric_kyrgyz_traditio_12.jpg,,,high
sorted_geometric_shyrdak_red_bla_9.jpg,geometric,val,dataset_split\val\geometric\sorted_geometric_shyrdak_red_bla_9.jpg,,,high
sorted_geometric_symbolic_kyrgyz_cultural_6.jpg,geometric,val,dataset_split\val\geometric\sorted_geometric_symbolic_kyrgyz_cultural_6.jpg,,,high
sorted_symbolic_central_asian_m_45.jpg,geometric,val,dataset_split\val\geometric\sorted_symbolic_central_asian_m_45.jpg,,,high
sorted_symbolic_central_asian_s_0.jpg,geometric,val,dataset_split\val\geometric\sorted_symbolic_central_asian_s_0.jpg,,,high
sorted_symbolic_central_asian_s_10.jpg,geometric,val,dataset_split\val\geometric\sorted_symbolic_central_asian_s_10.jpg,,,high
sorted_symbolic_kyrgyz_sun_symb_5.jpg,geometric,val,dataset_split\val\geometric\sorted_symbolic_kyrgyz_sun_symb_5.jpg,,,high
sorted_symbolic_kyrgyz_wheel_pa_33.jpg,geometric,val,dataset_split\val\geometric\sorted_symbolic_kyrgyz_wheel_pa_33.jpg,,,high
sorted_animal_animal_Image_14.jpg,animal,val,dataset_split\val\animal\sorted_animal_animal_Image_14.jpg,,,high
sorted_animal_animal_Image_6.png,animal,val,dataset_split\val\animal\sorted_animal_animal_Image_6.png,,,high
sorted_animal_animal_kyrgyz_car_2_18.jpg,animal,val,dataset_split\val\animal\sorted_animal_animal_kyrgyz_car_2_18.jpg,,,high
sorted_animal_animal_kyrgyz_car_2_24.jpg,animal,val,dataset_split\val\animal\sorted_animal_animal_kyrgyz_car_2_24.jpg,,,high
sorted_animal_animal_kyrgyz_car_2_4.jpg,animal,val,dataset_split\val\animal\sorted_animal_animal_kyrgyz_car_2_4.jpg,,,high
sorted_animal_animal_kyrgyz_horn_mot_23.jpg,animal,val,dataset_split\val\animal\sorted_animal_animal_kyrgyz_horn_mot_23.jpg,,,high
sorted_animal_animal_kyrgyz_horn_mot_31.jpg,animal,val,dataset_split\val\animal\sorted_animal_animal_kyrgyz_horn_mot_31.jpg,,,high
sorted_animal_animal_ram_horn_spiral_20.jpg,animal,val,dataset_split\val\animal\sorted_animal_animal_ram_horn_spiral_20.jpg,,,high
sorted_animal_animal_ram_horn_spiral_30.jpg,animal,val,dataset_split\val\animal\sorted_animal_animal_ram_horn_spiral_30.jpg,,,high
sorted_animal_geometric_Image_4.jpg,animal,val,dataset_split\val\animal\sorted_animal_geometric_Image_4.jpg,,,high
sorted_animal_geometric_Image_8.jpg,animal,val,dataset_split\val\animal\sorted_animal_geometric_Image_8.jpg,,,high
sorted_animal_geometric_kyrgyz_felt_car_4.jpg,animal,val,dataset_split\val\animal\sorted_animal_geometric_kyrgyz_felt_car_4.jpg,,,high
sorted_animal_geometric_shyrdak_geometr_7.jpg,animal,val,dataset_split\val\animal\sorted_animal_geometric_shyrdak_geometr_7.jpg,,,high
sorted_animal_symbolic_kyrgyz_sun_symb_7.jpg,animal,val,dataset_split\val\animal\sorted_animal_symbolic_kyrgyz_sun_symb_7.jpg,,,high
sorted_animal_symbolic_kyrgyz_tribal_s_2.jpg,animal,val,dataset_split\val\animal\sorted_animal_symbolic_kyrgyz_tribal_s_2.jpg,,,high
sorted_animal_symbolic_kyrgyz_tunduk_s_9.jpg,animal,val,dataset_split\val\animal\sorted_animal_symbolic_kyrgyz_tunduk_s_9.jpg,,,high
sorted_animal_symbolic_kyrgyz_yurt_pat_17.jpg,animal,val,dataset_split\val\animal\sorted_animal_symbolic_kyrgyz_yurt_pat_17.jpg,,,high
sorted_animal_symbolic_kyrgyz_yurt_pat_33.jpg,animal,val,dataset_split\val\animal\sorted_animal_symbolic_kyrgyz_yurt_pat_33.jpg,,,high
sorted_geometric_central_asian_d_16.jpg,animal,val,dataset_split\val\animal\sorted_geometric_central_asian_d_16.jpg,,,high
sorted_geometric_kyrgyz_angular__22.jpg,animal,val,dataset_split\val\animal\sorted_geometric_kyrgyz_angular__22.jpg,,,high
sorted_geometric_kyrgyz_shyrdak__9.jpg,animal,val,dataset_split\val\animal\sorted_geometric_kyrgyz_shyrdak__9.jpg,,,high
sorted_geometric_kyrgyz_traditio_5.jpg,animal,val,dataset_split\val\animal\sorted_geometric_kyrgyz_traditio_5.jpg,,,high
sorted_geometric_shyrdak_red_bla_32.jpg,animal,val,dataset_split\val\animal\sorted_geometric_shyrdak_red_bla_32.jpg,,,high
sorted_symbolic_kyrgyz_sun_symb_12.jpg,animal,val,dataset_split\val\animal\sorted_symbolic_kyrgyz_sun_symb_12.jpg,,,high
sorted_symbolic_kyrgyz_sun_symb_7.jpg,animal,val,dataset_split\val\animal\sorted_symbolic_kyrgyz_sun_symb_7.jpg,,,high
sorted_symbolic_tunduk_yurt_roo_32.jpg,animal,val,dataset_split\val\animal\sorted_symbolic_tunduk_yurt_roo_32.jpg,,,high
sorted_symbolic_animal_Image_13.jpg,symbolic,val,dataset_split\val\symbolic\sorted_symbolic_animal_Image_13.jpg,,,high
sorted_symbolic_animal_Image_21.jpg,symbolic,val,dataset_split\val\symbolic\sorted_symbolic_animal_Image_21.jpg,,,high
sorted_symbolic_central_asian_m_30.jpg,symbolic,val,dataset_split\val\symbolic\sorted_symbolic_central_asian_m_30.jpg,,,high
sorted_symbolic_central_asian_m_31.jpg,symbolic,val,dataset_split\val\symbolic\sorted_symbolic_central_asian_m_31.jpg,,,high
sorted_symbolic_central_asian_m_34.jpg,symbolic,val,dataset_split\val\symbolic\sorted_symbolic_central_asian_m_34.jpg,,,high
sorted_symbolic_central_asian_m_4.jpg,symbolic,val,dataset_split\val\symbolic\sorted_symbolic_central_asian_m_4.jpg,,,high
sorted_symbolic_central_asian_m_52.jpg,symbolic,val,dataset_split\val\symbolic\sorted_symbolic_central_asian_m_52.jpg,,,high
sorted_symbolic_central_asian_m_54.jpg,symbolic,val,dataset_split\val\symbolic\sorted_symbolic_central_asian_m_54.jpg,,,high
sorted_symbolic_kyrgyz_circular_10.jpg,symbolic,val,dataset_split\val\symbolic\sorted_symbolic_kyrgyz_circular_10.jpg,,,high
sorted_symbolic_kyrgyz_circular_11.jpg,symbolic,val,dataset_split\val\symbolic\sorted_symbolic_kyrgyz_circular_11.jpg,,,high
sorted_symbolic_kyrgyz_circular_29.jpg,symbolic,val,dataset_split\val\symbolic\sorted_symbolic_kyrgyz_circular_29.jpg,,,high
sorted_symbolic_kyrgyz_circular_35.jpg,symbolic,val,dataset_split\val\symbolic\sorted_symbolic_kyrgyz_circular_35.jpg,,,high
sorted_symbolic_kyrgyz_circular_9.jpg,symbolic,val,dataset_split\val\symbolic\sorted_symbolic_kyrgyz_circular_9.jpg,,,high
sorted_symbolic_kyrgyz_cosmic_s_12.jpg,symbolic,val,dataset_split\val\symbolic\sorted_symbolic_kyrgyz_cosmic_s_12.jpg,,,high
sorted_symbolic_kyrgyz_cosmic_s_9.jpg,symbolic,val,dataset_split\val\symbolic\sorted_symbolic_kyrgyz_cosmic_s_9.jpg,,,high
sorted_symbolic_kyrgyz_wheel_pa_19.jpg,symbolic,val,dataset_split\val\symbolic\sorted_symbolic_kyrgyz_wheel_pa_19.jpg,,,high
sorted_symbolic_symbolic_kyrgyz_cultural_27.jpg,symbolic,val,dataset_split\val\symbolic\sorted_symbolic_symbolic_kyrgyz_cultural_27.jpg,,,high
sorted_symbolic_symbolic_kyrgyz_tribal_s_11.jpg,symbolic,val,dataset_split\val\symbolic\sorted_symbolic_symbolic_kyrgyz_tribal_s_11.jpg,,,high
sorted_symbolic_symbolic_kyrgyz_tunduk_s_17.jpg,symbolic,val,dataset_split\val\symbolic\sorted_symbolic_symbolic_kyrgyz_tunduk_s_17.jpg,,,high
sorted_symbolic_symbolic_kyrgyz_tunduk_s_23.jpg,symbolic,val,dataset_split\val\symbolic\sorted_symbolic_symbolic_kyrgyz_tunduk_s_23.jpg,,,high
sorted_symbolic_symbolic_kyrgyz_tunduk_s_4.jpg,symbolic,val,dataset_split\val\symbolic\sorted_symbolic_symbolic_kyrgyz_tunduk_s_4.jpg,,,high
sorted_symbolic_tunduk_felt_car_19.jpg,symbolic,val,dataset_split\val\symbolic\sorted_symbolic_tunduk_felt_car_19.jpg,,,high
sorted_symbolic_tunduk_felt_car_3.jpg,symbolic,val,dataset_split\val\symbolic\sorted_symbolic_tunduk_felt_car_3.jpg,,,high
sorted_symbolic_tunduk_felt_car_32.jpg,symbolic,val,dataset_split\val\symbolic\sorted_symbolic_tunduk_felt_car_32.jpg,,,high
sorted_symbolic_tunduk_yurt_roo_17.jpg,symbolic,val,dataset_split\val\symbolic\sorted_symbolic_tunduk_yurt_roo_17.jpg,,,high
sorted_symbolic_tunduk_yurt_roo_26.jpg,symbolic,val,dataset_split\val\symbolic\sorted_symbolic_tunduk_yurt_roo_26.jpg,,,high
sorted_geometric_animal_central_as_2_26.jpg,geometric,test,dataset_split\test\geometric\sorted_geometric_animal_central_as_2_26.jpg,,,high
sorted_geometric_animal_kyrgyz_car_3_25.jpg,geometric,test,dataset_split\test\geometric\sorted_geometric_animal_kyrgyz_car_3_25.jpg,,,high
sorted_geometric_animal_kyrgyz_horn_mot_0.jpg,geometric,test,dataset_split\test\geometric\sorted_geometric_animal_kyrgyz_horn_mot_0.jpg,,,high
sorted_geometric_animal_kyrgyz_kochkor__31.jpg,geometric,test,dataset_split\test\geometric\sorted_geometric_animal_kyrgyz_kochkor__31.jpg,,,high
sorted_geometric_animal_ram_horn_spiral_23.jpg,geometric,test,dataset_split\test\geometric\sorted_geometric_animal_ram_horn_spiral_23.jpg,,,high
sorted_geometric_animal_ram_horn_spiral_27.jpg,geometric,test,dataset_split\test\geometric\sorted_geometric_animal_ram_horn_spiral_27.jpg,,,high
sorted_geometric_central_asian_d_0.jpg,geometric,test,dataset_split\test\geometric\sorted_geometric_central_asian_d_0.jpg,,,high
sorted_geometric_central_asian_d_18.jpg,geometric,test,dataset_split\test\geometric\sorted_geometric_central_asian_d_18.jpg,,,high
sorted_geometric_central_asian_d_47.jpg,geometric,test,dataset_split\test\geometric\sorted_geometric_central_asian_d_47.jpg,,,high
sorted_geometric_central_asian_z_33.jpg,geometric,test,dataset_split\test\geometric\sorted_geometric_central_asian_z_33.jpg,,,high
sorted_geometric_geometric_Image_16.jpg,geometric,test,dataset_split\test\geometric\sorted_geometric_geometric_Image_16.jpg,,,high
sorted_geometric_geometric_Image_19.jpg,geometric,test,dataset_split\test\geometric\sorted_geometric_geometric_Image_19.jpg,,,high
sorted_geometric_geometric_Image_2.jpg,geometric,test,dataset_split\test\geometric\sorted_geometric_geometric_Image_2.jpg,,,high
sorted_geometric_geometric_Image_22.jpg,geometric,test,dataset_split\test\geometric\sorted_geometric_geometric_Image_22.jpg,,,high
sorted_geometric_geometric_Image_7.jpg,geometric,test,dataset_split\test\geometric\sorted_geometric_geometric_Image_7.jpg,,,high
sorted_geometric_geometric_kyrgyz_felt_car_36.jpg,geometric,test,dataset_split\test\geometric\sorted_geometric_geometric_kyrgyz_felt_car_36.jpg,,,high
sorted_geometric_geometric_kyrgyz_felt_car_5.jpg,geometric,test,dataset_split\test\geometric\sorted_geometric_geometric_kyrgyz_felt_car_5.jpg,,,high
sorted_geometric_symbolic_kyrgyz_symbolic_8.jpg,geometric,test,dataset_split\test\geometric\sorted_geometric_symbolic_kyrgyz_symbolic_8.jpg,,,high
sorted_geometric_symbolic_kyrgyz_tunduk_s_1.jpg,geometric,test,dataset_split\test\geometric\sorted_geometric_symbolic_kyrgyz_tunduk_s_1.jpg,,,high
sorted_symbolic_central_asian_m_10.jpg,geometric,test,dataset_split\test\geometric\sorted_symbolic_central_asian_m_10.jpg,,,high
sorted_symbolic_central_asian_s_16.jpg,geometric,test,dataset_split\test\geometric\sorted_symbolic_central_asian_s_16.jpg,,,high
sorted_symbolic_kyrgyz_sun_symb_33.jpg,geometric,test,dataset_split\test\geometric\sorted_symbolic_kyrgyz_sun_symb_33.jpg,,,high
sorted_symbolic_tunduk_felt_car_34.jpg,geometric,test,dataset_split\test\geometric\sorted_symbolic_tunduk_felt_car_34.jpg,,,high
sorted_animal_animal_Image_10.jpg,animal,test,dataset_split\test\animal\sorted_animal_animal_Image_10.jpg,,,high
sorted_animal_animal_Image_24.png,animal,test,dataset_split\test\animal\sorted_animal_animal_Image_24.png,,,high
sorted_animal_animal_kyrgyz_animal_i_3.jpg,animal,test,dataset_split\test\animal\sorted_animal_animal_kyrgyz_animal_i_3.jpg,,,high
sorted_animal_animal_kyrgyz_horn_mot_19.jpg,animal,test,dataset_split\test\animal\sorted_animal_animal_kyrgyz_horn_mot_19.jpg,,,high
sorted_animal_animal_kyrgyz_horn_mot_2.jpg,animal,test,dataset_split\test\animal\sorted_animal_animal_kyrgyz_horn_mot_2.jpg,,,high
sorted_animal_animal_kyrgyz_kochkor__21.jpg,animal,test,dataset_split\test\animal\sorted_animal_animal_kyrgyz_kochkor__21.jpg,,,high
sorted_animal_animal_kyrgyz_nomadic__27.jpg,animal,test,dataset_split\test\animal\sorted_animal_animal_kyrgyz_nomadic__27.jpg,,,high
sorted_animal_geometric_Image_1.jpg,animal,test,dataset_split\test\animal\sorted_animal_geometric_Image_1.jpg,,,high
sorted_animal_geometric_Image_3.jpg,animal,test,dataset_split\test\animal\sorted_animal_geometric_Image_3.jpg,,,high
sorted_animal_geometric_kyrgyz_felt_car_32.jpg,animal,test,dataset_split\test\animal\sorted_animal_geometric_kyrgyz_felt_car_32.jpg,,,high
sorted_animal_geometric_kyrgyz_felt_car_48.jpg,animal,test,dataset_split\test\animal\sorted_animal_geometric_kyrgyz_felt_car_48.jpg,,,high
sorted_animal_geometric_shyrdak_geometr_40.jpg,animal,test,dataset_split\test\animal\sorted_animal_geometric_shyrdak_geometr_40.jpg,,,high
sorted_animal_geometric_shyrdak_geometr_5.jpg,animal,test,dataset_split\test\animal\sorted_animal_geometric_shyrdak_geometr_5.jpg,,,high
sorted_animal_symbolic_Image_11.jpg,animal,test,dataset_split\test\animal\sorted_animal_symbolic_Image_11.jpg,,,high
sorted_animal_symbolic_kyrgyz_sun_symb_12.jpg,animal,test,dataset_split\test\animal\sorted_animal_symbolic_kyrgyz_sun_symb_12.jpg,,,high
sorted_animal_symbolic_kyrgyz_sun_symb_21.jpg,animal,test,dataset_split\test\animal\sorted_animal_symbolic_kyrgyz_sun_symb_21.jpg,,,high
sorted_geometric_central_asian_d_21.jpg,animal,test,dataset_split\test\animal\sorted_geometric_central_asian_d_21.jpg,,,high
sorted_geometric_central_asian_d_39.jpg,animal,test,dataset_split\test\animal\sorted_geometric_central_asian_d_39.jpg,,,high
sorted_geometric_central_asian_d_41.jpg,animal,test,dataset_split\test\animal\sorted_geometric_central_asian_d_41.jpg,,,high
sorted_geometric_central_asian_z_31.jpg,animal,test,dataset_split\test\animal\sorted_geometric_central_asian_z_31.jpg,,,high
sorted_geometric_kyrgyz_felt_rug_32.jpg,animal,test,dataset_split\test\animal\sorted_geometric_kyrgyz_felt_rug_32.jpg,,,high
sorted_geometric_shyrdak_red_bla_19.jpg,animal,test,dataset_split\test\animal\sorted_geometric_shyrdak_red_bla_19.jpg,,,high
sorted_geometric_shyrdak_red_bla_3.jpg,animal,test,dataset_split\test\animal\sorted_geometric_shyrdak_red_bla_3.jpg,,,high
sorted_geometric_shyrdak_red_bla_33.jpg,animal,test,dataset_split\test\animal\sorted_geometric_shyrdak_red_bla_33.jpg,,,high
sorted_symbolic_central_asian_m_49.jpg,animal,test,dataset_split\test\animal\sorted_symbolic_central_asian_m_49.jpg,,,high
sorted_symbolic_central_asian_s_15.jpg,animal,test,dataset_split\test\animal\sorted_symbolic_central_asian_s_15.jpg,,,high
sorted_symbolic_tunduk_felt_car_31.jpg,animal,test,dataset_split\test\animal\sorted_symbolic_tunduk_felt_car_31.jpg,,,high
sorted_geometric_kyrgyz_angular__0.jpg,symbolic,test,dataset_split\test\symbolic\sorted_geometric_kyrgyz_angular__0.jpg,,,high
sorted_symbolic_animal_ram_horn_spiral_9.jpg,symbolic,test,dataset_split\test\symbolic\sorted_symbolic_animal_ram_horn_spiral_9.jpg,,,high
sorted_symbolic_central_asian_m_13.jpg,symbolic,test,dataset_split\test\symbolic\sorted_symbolic_central_asian_m_13.jpg,,,high
sorted_symbolic_central_asian_m_3.jpg,symbolic,test,dataset_split\test\symbolic\sorted_symbolic_central_asian_m_3.jpg,,,high
sorted_symbolic_central_asian_m_39.jpg,symbolic,test,dataset_split\test\symbolic\sorted_symbolic_central_asian_m_39.jpg,,,high
sorted_symbolic_kyrgyz_circular_16.jpg,symbolic,test,dataset_split\test\symbolic\sorted_symbolic_kyrgyz_circular_16.jpg,,,high
sorted_symbolic_kyrgyz_circular_26.jpg,symbolic,test,dataset_split\test\symbolic\sorted_symbolic_kyrgyz_circular_26.jpg,,,high
sorted_symbolic_kyrgyz_circular_27.jpg,symbolic,test,dataset_split\test\symbolic\sorted_symbolic_kyrgyz_circular_27.jpg,,,high
sorted_symbolic_kyrgyz_circular_32.jpg,symbolic,test,dataset_split\test\symbolic\sorted_symbolic_kyrgyz_circular_32.jpg,,,high
sorted_symbolic_kyrgyz_circular_46.jpg,symbolic,test,dataset_split\test\symbolic\sorted_symbolic_kyrgyz_circular_46.jpg,,,high
sorted_symbolic_kyrgyz_circular_7.jpg,symbolic,test,dataset_split\test\symbolic\sorted_symbolic_kyrgyz_circular_7.jpg,,,high
sorted_symbolic_kyrgyz_cosmic_s_10.jpg,symbolic,test,dataset_split\test\symbolic\sorted_symbolic_kyrgyz_cosmic_s_10.jpg,,,high
sorted_symbolic_kyrgyz_round_me_10.jpg,symbolic,test,dataset_split\test\symbolic\sorted_symbolic_kyrgyz_round_me_10.jpg,,,high
sorted_symbolic_kyrgyz_round_me_27.jpg,symbolic,test,dataset_split\test\symbolic\sorted_symbolic_kyrgyz_round_me_27.jpg,,,high
sorted_symbolic_kyrgyz_sun_symb_14.jpg,symbolic,test,dataset_split\test\symbolic\sorted_symbolic_kyrgyz_sun_symb_14.jpg,,,high
sorted_symbolic_kyrgyz_wheel_pa_4.jpg,symbolic,test,dataset_split\test\symbolic\sorted_symbolic_kyrgyz_wheel_pa_4.jpg,,,high
sorted_symbolic_symbolic_kyrgyz_symbolic_11.jpg,symbolic,test,dataset_split\test\symbolic\sorted_symbolic_symbolic_kyrgyz_symbolic_11.jpg,,,high
sorted_symbolic_symbolic_kyrgyz_tribal_s_26.jpg,symbolic,test,dataset_split\test\symbolic\sorted_symbolic_symbolic_kyrgyz_tribal_s_26.jpg,,,high
sorted_symbolic_symbolic_kyrgyz_yurt_pat_22.jpg,symbolic,test,dataset_split\test\symbolic\sorted_symbolic_symbolic_kyrgyz_yurt_pat_22.jpg,,,high
sorted_symbolic_tunduk_felt_car_33.jpg,symbolic,test,dataset_split\test\symbolic\sorted_symbolic_tunduk_felt_car_33.jpg,,,high
sorted_symbolic_tunduk_yurt_roo_15.jpg,symbolic,test,dataset_split\test\symbolic\sorted_symbolic_tunduk_yurt_roo_15.jpg,,,high
sorted_symbolic_tunduk_yurt_roo_19.jpg,symbolic,test,dataset_split\test\symbolic\sorted_symbolic_tunduk_yurt_roo_19.jpg,,,high
sorted_symbolic_tunduk_yurt_roo_24.jpg,symbolic,test,dataset_split\test\symbolic\sorted_symbolic_tunduk_yurt_roo_24.jpg,,,high
sorted_symbolic_tunduk_yurt_roo_28.jpg,symbolic,test,dataset_split\test\symbolic\sorted_symbolic_tunduk_yurt_roo_28.jpg,,,high
sorted_symbolic_tunduk_yurt_roo_30.jpg,symbolic,test,dataset_split\test\symbolic\sorted_symbolic_tunduk_yurt_roo_30.jpg,,,high
sorted_symbolic_tunduk_yurt_roo_4.jpg,symbolic,test,dataset_split\test\symbolic\sorted_symbolic_tunduk_yurt_roo_4.jpg,,,high
sorted_symbolic_tunduk_yurt_roo_8.jpg,symbolic,test,dataset_split\test\symbolic\sorted_symbolic_tunduk_yurt_roo_8.jpg,,,high
sorted_symbolic_tunduk_yurt_roo_9.jpg,symbolic,test,dataset_split\test\symbolic\sorted_symbolic_tunduk_yurt_roo_9.jpg,,,high
