filename,class,path,pattern_name,meaning
sorted_animal_animal_Image_10.jpg,animal,originals\animal\sorted_animal_animal_Image_10.jpg,,
sorted_animal_animal_Image_12.jpg,animal,originals\animal\sorted_animal_animal_Image_12.jpg,,
sorted_animal_animal_Image_14.jpg,animal,originals\animal\sorted_animal_animal_Image_14.jpg,,
sorted_animal_animal_Image_24.jpg,animal,originals\animal\sorted_animal_animal_Image_24.jpg,,
sorted_animal_animal_Image_24.png,animal,originals\animal\sorted_animal_animal_Image_24.png,,
sorted_animal_animal_Image_25.jpg,animal,originals\animal\sorted_animal_animal_Image_25.jpg,,
sorted_animal_animal_Image_3.jpeg,animal,originals\animal\sorted_animal_animal_Image_3.jpeg,,
sorted_animal_animal_Image_4.jpg,animal,originals\animal\sorted_animal_animal_Image_4.jpg,,
sorted_animal_animal_Image_6.png,animal,originals\animal\sorted_animal_animal_Image_6.png,,
sorted_animal_animal_Image_8.jpg,animal,originals\animal\sorted_animal_animal_Image_8.jpg,,
sorted_animal_animal_kyrgyz_animal_i_12.jpg,animal,originals\animal\sorted_animal_animal_kyrgyz_animal_i_12.jpg,,
sorted_animal_animal_kyrgyz_animal_i_14.jpg,animal,originals\animal\sorted_animal_animal_kyrgyz_animal_i_14.jpg,,
sorted_animal_animal_kyrgyz_animal_i_17.jpg,animal,originals\animal\sorted_animal_animal_kyrgyz_animal_i_17.jpg,,
sorted_animal_animal_kyrgyz_animal_i_18.jpg,animal,originals\animal\sorted_animal_animal_kyrgyz_animal_i_18.jpg,,
sorted_animal_animal_kyrgyz_animal_i_3.jpg,animal,originals\animal\sorted_animal_animal_kyrgyz_animal_i_3.jpg,,
sorted_animal_animal_kyrgyz_animal_i_32.jpg,animal,originals\animal\sorted_animal_animal_kyrgyz_animal_i_32.jpg,,
sorted_animal_animal_kyrgyz_car_1_26.jpg,animal,originals\animal\sorted_animal_animal_kyrgyz_car_1_26.jpg,,
sorted_animal_animal_kyrgyz_car_2_18.jpg,animal,originals\animal\sorted_animal_animal_kyrgyz_car_2_18.jpg,,
sorted_animal_animal_kyrgyz_car_2_2.jpg,animal,originals\animal\sorted_animal_animal_kyrgyz_car_2_2.jpg,,
sorted_animal_animal_kyrgyz_car_2_22.jpg,animal,originals\animal\sorted_animal_animal_kyrgyz_car_2_22.jpg,,
sorted_animal_animal_kyrgyz_car_2_24.jpg,animal,originals\animal\sorted_animal_animal_kyrgyz_car_2_24.jpg,,
sorted_animal_animal_kyrgyz_car_2_4.jpg,animal,originals\animal\sorted_animal_animal_kyrgyz_car_2_4.jpg,,
sorted_animal_animal_kyrgyz_car_2_9.jpg,animal,originals\animal\sorted_animal_animal_kyrgyz_car_2_9.jpg,,
sorted_animal_animal_kyrgyz_horn_mot_1.jpg,animal,originals\animal\sorted_animal_animal_kyrgyz_horn_mot_1.jpg,,
sorted_animal_animal_kyrgyz_horn_mot_13.jpg,animal,originals\animal\sorted_animal_animal_kyrgyz_horn_mot_13.jpg,,
sorted_animal_animal_kyrgyz_horn_mot_14.jpg,animal,originals\animal\sorted_animal_animal_kyrgyz_horn_mot_14.jpg,,
sorted_animal_animal_kyrgyz_horn_mot_15.jpg,animal,originals\animal\sorted_animal_animal_kyrgyz_horn_mot_15.jpg,,
sorted_animal_animal_kyrgyz_horn_mot_19.jpg,animal,originals\animal\sorted_animal_animal_kyrgyz_horn_mot_19.jpg,,
sorted_animal_animal_kyrgyz_horn_mot_2.jpg,animal,originals\animal\sorted_animal_animal_kyrgyz_horn_mot_2.jpg,,
sorted_animal_animal_kyrgyz_horn_mot_22.jpg,animal,originals\animal\sorted_animal_animal_kyrgyz_horn_mot_22.jpg,,
sorted_animal_animal_kyrgyz_horn_mot_23.jpg,animal,originals\animal\sorted_animal_animal_kyrgyz_horn_mot_23.jpg,,
sorted_animal_animal_kyrgyz_horn_mot_3.jpg,animal,originals\animal\sorted_animal_animal_kyrgyz_horn_mot_3.jpg,,
sorted_animal_animal_kyrgyz_horn_mot_31.jpg,animal,originals\animal\sorted_animal_animal_kyrgyz_horn_mot_31.jpg,,
sorted_animal_animal_kyrgyz_horn_mot_4.jpg,animal,originals\animal\sorted_animal_animal_kyrgyz_horn_mot_4.jpg,,
sorted_animal_animal_kyrgyz_horn_mot_6.jpg,animal,originals\animal\sorted_animal_animal_kyrgyz_horn_mot_6.jpg,,
sorted_animal_animal_kyrgyz_horn_mot_8.jpg,animal,originals\animal\sorted_animal_animal_kyrgyz_horn_mot_8.jpg,,
sorted_animal_animal_kyrgyz_kochkor__1.jpg,animal,originals\animal\sorted_animal_animal_kyrgyz_kochkor__1.jpg,,
sorted_animal_animal_kyrgyz_kochkor__11.jpg,animal,originals\animal\sorted_animal_animal_kyrgyz_kochkor__11.jpg,,
sorted_animal_animal_kyrgyz_kochkor__20.jpg,animal,originals\animal\sorted_animal_animal_kyrgyz_kochkor__20.jpg,,
sorted_animal_animal_kyrgyz_kochkor__21.jpg,animal,originals\animal\sorted_animal_animal_kyrgyz_kochkor__21.jpg,,
sorted_animal_animal_kyrgyz_kochkor__26.jpg,animal,originals\animal\sorted_animal_animal_kyrgyz_kochkor__26.jpg,,
sorted_animal_animal_kyrgyz_nomadic__27.jpg,animal,originals\animal\sorted_animal_animal_kyrgyz_nomadic__27.jpg,,
sorted_animal_animal_ram_horn_spiral_20.jpg,animal,originals\animal\sorted_animal_animal_ram_horn_spiral_20.jpg,,
sorted_animal_animal_ram_horn_spiral_30.jpg,animal,originals\animal\sorted_animal_animal_ram_horn_spiral_30.jpg,,
sorted_animal_animal_ram_horn_spiral_5.jpg,animal,originals\animal\sorted_animal_animal_ram_horn_spiral_5.jpg,,
sorted_animal_geometric_Image_1.jpg,animal,originals\animal\sorted_animal_geometric_Image_1.jpg,,
sorted_animal_geometric_Image_10.jpg,animal,originals\animal\sorted_animal_geometric_Image_10.jpg,,
sorted_animal_geometric_Image_13.jpg,animal,originals\animal\sorted_animal_geometric_Image_13.jpg,,
sorted_animal_geometric_Image_23.jpg,animal,originals\animal\sorted_animal_geometric_Image_23.jpg,,
sorted_animal_geometric_Image_25.jpg,animal,originals\animal\sorted_animal_geometric_Image_25.jpg,,
sorted_animal_geometric_Image_3.jpg,animal,originals\animal\sorted_animal_geometric_Image_3.jpg,,
sorted_animal_geometric_Image_4.jpg,animal,originals\animal\sorted_animal_geometric_Image_4.jpg,,
sorted_animal_geometric_Image_5.png,animal,originals\animal\sorted_animal_geometric_Image_5.png,,
sorted_animal_geometric_Image_6.jpg,animal,originals\animal\sorted_animal_geometric_Image_6.jpg,,
sorted_animal_geometric_Image_8.jpg,animal,originals\animal\sorted_animal_geometric_Image_8.jpg,,
sorted_animal_geometric_kyrgyz_felt_car_18.jpg,animal,originals\animal\sorted_animal_geometric_kyrgyz_felt_car_18.jpg,,
sorted_animal_geometric_kyrgyz_felt_car_22.jpg,animal,originals\animal\sorted_animal_geometric_kyrgyz_felt_car_22.jpg,,
sorted_animal_geometric_kyrgyz_felt_car_24.jpg,animal,originals\animal\sorted_animal_geometric_kyrgyz_felt_car_24.jpg,,
sorted_animal_geometric_kyrgyz_felt_car_25.jpg,animal,originals\animal\sorted_animal_geometric_kyrgyz_felt_car_25.jpg,,
sorted_animal_geometric_kyrgyz_felt_car_28.jpg,animal,originals\animal\sorted_animal_geometric_kyrgyz_felt_car_28.jpg,,
sorted_animal_geometric_kyrgyz_felt_car_30.jpg,animal,originals\animal\sorted_animal_geometric_kyrgyz_felt_car_30.jpg,,
sorted_animal_geometric_kyrgyz_felt_car_32.jpg,animal,originals\animal\sorted_animal_geometric_kyrgyz_felt_car_32.jpg,,
sorted_animal_geometric_kyrgyz_felt_car_39.jpg,animal,originals\animal\sorted_animal_geometric_kyrgyz_felt_car_39.jpg,,
sorted_animal_geometric_kyrgyz_felt_car_4.jpg,animal,originals\animal\sorted_animal_geometric_kyrgyz_felt_car_4.jpg,,
sorted_animal_geometric_kyrgyz_felt_car_43.jpg,animal,originals\animal\sorted_animal_geometric_kyrgyz_felt_car_43.jpg,,
sorted_animal_geometric_kyrgyz_felt_car_44.jpg,animal,originals\animal\sorted_animal_geometric_kyrgyz_felt_car_44.jpg,,
sorted_animal_geometric_kyrgyz_felt_car_45.jpg,animal,originals\animal\sorted_animal_geometric_kyrgyz_felt_car_45.jpg,,
sorted_animal_geometric_kyrgyz_felt_car_48.jpg,animal,originals\animal\sorted_animal_geometric_kyrgyz_felt_car_48.jpg,,
sorted_animal_geometric_kyrgyz_felt_car_8.jpg,animal,originals\animal\sorted_animal_geometric_kyrgyz_felt_car_8.jpg,,
sorted_animal_geometric_shyrdak_geometr_13.jpg,animal,originals\animal\sorted_animal_geometric_shyrdak_geometr_13.jpg,,
sorted_animal_geometric_shyrdak_geometr_17.jpg,animal,originals\animal\sorted_animal_geometric_shyrdak_geometr_17.jpg,,
sorted_animal_geometric_shyrdak_geometr_2.jpg,animal,originals\animal\sorted_animal_geometric_shyrdak_geometr_2.jpg,,
sorted_animal_geometric_shyrdak_geometr_21.jpg,animal,originals\animal\sorted_animal_geometric_shyrdak_geometr_21.jpg,,
sorted_animal_geometric_shyrdak_geometr_23.jpg,animal,originals\animal\sorted_animal_geometric_shyrdak_geometr_23.jpg,,
sorted_animal_geometric_shyrdak_geometr_35.jpg,animal,originals\animal\sorted_animal_geometric_shyrdak_geometr_35.jpg,,
sorted_animal_geometric_shyrdak_geometr_38.jpg,animal,originals\animal\sorted_animal_geometric_shyrdak_geometr_38.jpg,,
sorted_animal_geometric_shyrdak_geometr_40.jpg,animal,originals\animal\sorted_animal_geometric_shyrdak_geometr_40.jpg,,
sorted_animal_geometric_shyrdak_geometr_47.jpg,animal,originals\animal\sorted_animal_geometric_shyrdak_geometr_47.jpg,,
sorted_animal_geometric_shyrdak_geometr_5.jpg,animal,originals\animal\sorted_animal_geometric_shyrdak_geometr_5.jpg,,
sorted_animal_geometric_shyrdak_geometr_7.jpg,animal,originals\animal\sorted_animal_geometric_shyrdak_geometr_7.jpg,,
sorted_animal_geometric_shyrdak_geometr_9.jpg,animal,originals\animal\sorted_animal_geometric_shyrdak_geometr_9.jpg,,
sorted_animal_symbolic_Image_1.jpg,animal,originals\animal\sorted_animal_symbolic_Image_1.jpg,,
sorted_animal_symbolic_Image_11.jpg,animal,originals\animal\sorted_animal_symbolic_Image_11.jpg,,
sorted_animal_symbolic_Image_17.jpg,animal,originals\animal\sorted_animal_symbolic_Image_17.jpg,,
sorted_animal_symbolic_Image_20.jpg,animal,originals\animal\sorted_animal_symbolic_Image_20.jpg,,
sorted_animal_symbolic_Image_22.jpg,animal,originals\animal\sorted_animal_symbolic_Image_22.jpg,,
sorted_animal_symbolic_Image_23.jpg,animal,originals\animal\sorted_animal_symbolic_Image_23.jpg,,
sorted_animal_symbolic_Image_7.jpg,animal,originals\animal\sorted_animal_symbolic_Image_7.jpg,,
sorted_animal_symbolic_kyrgyz_cultural_0.jpg,animal,originals\animal\sorted_animal_symbolic_kyrgyz_cultural_0.jpg,,
sorted_animal_symbolic_kyrgyz_cultural_2.jpg,animal,originals\animal\sorted_animal_symbolic_kyrgyz_cultural_2.jpg,,
sorted_animal_symbolic_kyrgyz_cultural_3.jpg,animal,originals\animal\sorted_animal_symbolic_kyrgyz_cultural_3.jpg,,
sorted_animal_symbolic_kyrgyz_cultural_4.jpg,animal,originals\animal\sorted_animal_symbolic_kyrgyz_cultural_4.jpg,,
sorted_animal_symbolic_kyrgyz_sun_symb_12.jpg,animal,originals\animal\sorted_animal_symbolic_kyrgyz_sun_symb_12.jpg,,
sorted_animal_symbolic_kyrgyz_sun_symb_13.jpg,animal,originals\animal\sorted_animal_symbolic_kyrgyz_sun_symb_13.jpg,,
sorted_animal_symbolic_kyrgyz_sun_symb_20.jpg,animal,originals\animal\sorted_animal_symbolic_kyrgyz_sun_symb_20.jpg,,
sorted_animal_symbolic_kyrgyz_sun_symb_21.jpg,animal,originals\animal\sorted_animal_symbolic_kyrgyz_sun_symb_21.jpg,,
sorted_animal_symbolic_kyrgyz_sun_symb_22.jpg,animal,originals\animal\sorted_animal_symbolic_kyrgyz_sun_symb_22.jpg,,
sorted_animal_symbolic_kyrgyz_sun_symb_26.jpg,animal,originals\animal\sorted_animal_symbolic_kyrgyz_sun_symb_26.jpg,,
sorted_animal_symbolic_kyrgyz_sun_symb_28.jpg,animal,originals\animal\sorted_animal_symbolic_kyrgyz_sun_symb_28.jpg,,
sorted_animal_symbolic_kyrgyz_sun_symb_3.jpg,animal,originals\animal\sorted_animal_symbolic_kyrgyz_sun_symb_3.jpg,,
sorted_animal_symbolic_kyrgyz_sun_symb_30.jpg,animal,originals\animal\sorted_animal_symbolic_kyrgyz_sun_symb_30.jpg,,
sorted_animal_symbolic_kyrgyz_sun_symb_31.jpg,animal,originals\animal\sorted_animal_symbolic_kyrgyz_sun_symb_31.jpg,,
sorted_animal_symbolic_kyrgyz_sun_symb_7.jpg,animal,originals\animal\sorted_animal_symbolic_kyrgyz_sun_symb_7.jpg,,
sorted_animal_symbolic_kyrgyz_symbolic_18.jpg,animal,originals\animal\sorted_animal_symbolic_kyrgyz_symbolic_18.jpg,,
sorted_animal_symbolic_kyrgyz_symbolic_36.jpg,animal,originals\animal\sorted_animal_symbolic_kyrgyz_symbolic_36.jpg,,
sorted_animal_symbolic_kyrgyz_symbolic_4.jpg,animal,originals\animal\sorted_animal_symbolic_kyrgyz_symbolic_4.jpg,,
sorted_animal_symbolic_kyrgyz_symbolic_5.jpg,animal,originals\animal\sorted_animal_symbolic_kyrgyz_symbolic_5.jpg,,
sorted_animal_symbolic_kyrgyz_tribal_s_12.jpg,animal,originals\animal\sorted_animal_symbolic_kyrgyz_tribal_s_12.jpg,,
sorted_animal_symbolic_kyrgyz_tribal_s_2.jpg,animal,originals\animal\sorted_animal_symbolic_kyrgyz_tribal_s_2.jpg,,
sorted_animal_symbolic_kyrgyz_tribal_s_24.jpg,animal,originals\animal\sorted_animal_symbolic_kyrgyz_tribal_s_24.jpg,,
sorted_animal_symbolic_kyrgyz_tribal_s_8.jpg,animal,originals\animal\sorted_animal_symbolic_kyrgyz_tribal_s_8.jpg,,
sorted_animal_symbolic_kyrgyz_tunduk_s_21.jpg,animal,originals\animal\sorted_animal_symbolic_kyrgyz_tunduk_s_21.jpg,,
sorted_animal_symbolic_kyrgyz_tunduk_s_9.jpg,animal,originals\animal\sorted_animal_symbolic_kyrgyz_tunduk_s_9.jpg,,
sorted_animal_symbolic_kyrgyz_yurt_pat_14.jpg,animal,originals\animal\sorted_animal_symbolic_kyrgyz_yurt_pat_14.jpg,,
sorted_animal_symbolic_kyrgyz_yurt_pat_16.jpg,animal,originals\animal\sorted_animal_symbolic_kyrgyz_yurt_pat_16.jpg,,
sorted_animal_symbolic_kyrgyz_yurt_pat_17.jpg,animal,originals\animal\sorted_animal_symbolic_kyrgyz_yurt_pat_17.jpg,,
sorted_animal_symbolic_kyrgyz_yurt_pat_18.jpg,animal,originals\animal\sorted_animal_symbolic_kyrgyz_yurt_pat_18.jpg,,
sorted_animal_symbolic_kyrgyz_yurt_pat_19.jpg,animal,originals\animal\sorted_animal_symbolic_kyrgyz_yurt_pat_19.jpg,,
sorted_animal_symbolic_kyrgyz_yurt_pat_26.jpg,animal,originals\animal\sorted_animal_symbolic_kyrgyz_yurt_pat_26.jpg,,
sorted_animal_symbolic_kyrgyz_yurt_pat_27.jpg,animal,originals\animal\sorted_animal_symbolic_kyrgyz_yurt_pat_27.jpg,,
sorted_animal_symbolic_kyrgyz_yurt_pat_32.jpg,animal,originals\animal\sorted_animal_symbolic_kyrgyz_yurt_pat_32.jpg,,
sorted_animal_symbolic_kyrgyz_yurt_pat_33.jpg,animal,originals\animal\sorted_animal_symbolic_kyrgyz_yurt_pat_33.jpg,,
sorted_animal_symbolic_kyrgyz_yurt_pat_7.jpg,animal,originals\animal\sorted_animal_symbolic_kyrgyz_yurt_pat_7.jpg,,
sorted_geometric_central_asian_d_14.jpg,animal,originals\animal\sorted_geometric_central_asian_d_14.jpg,,
sorted_geometric_central_asian_d_16.jpg,animal,originals\animal\sorted_geometric_central_asian_d_16.jpg,,
sorted_geometric_central_asian_d_21.jpg,animal,originals\animal\sorted_geometric_central_asian_d_21.jpg,,
sorted_geometric_central_asian_d_3.jpg,animal,originals\animal\sorted_geometric_central_asian_d_3.jpg,,
sorted_geometric_central_asian_d_35.jpg,animal,originals\animal\sorted_geometric_central_asian_d_35.jpg,,
sorted_geometric_central_asian_d_39.jpg,animal,originals\animal\sorted_geometric_central_asian_d_39.jpg,,
sorted_geometric_central_asian_d_41.jpg,animal,originals\animal\sorted_geometric_central_asian_d_41.jpg,,
sorted_geometric_central_asian_d_7.jpg,animal,originals\animal\sorted_geometric_central_asian_d_7.jpg,,
sorted_geometric_central_asian_d_8.jpg,animal,originals\animal\sorted_geometric_central_asian_d_8.jpg,,
sorted_geometric_central_asian_z_18.jpg,animal,originals\animal\sorted_geometric_central_asian_z_18.jpg,,
sorted_geometric_central_asian_z_19.jpg,animal,originals\animal\sorted_geometric_central_asian_z_19.jpg,,
sorted_geometric_central_asian_z_22.jpg,animal,originals\animal\sorted_geometric_central_asian_z_22.jpg,,
sorted_geometric_central_asian_z_31.jpg,animal,originals\animal\sorted_geometric_central_asian_z_31.jpg,,
sorted_geometric_kyrgyz_angular__22.jpg,animal,originals\animal\sorted_geometric_kyrgyz_angular__22.jpg,,
sorted_geometric_kyrgyz_felt_rug_19.jpg,animal,originals\animal\sorted_geometric_kyrgyz_felt_rug_19.jpg,,
sorted_geometric_kyrgyz_felt_rug_32.jpg,animal,originals\animal\sorted_geometric_kyrgyz_felt_rug_32.jpg,,
sorted_geometric_kyrgyz_geometri_26.jpg,animal,originals\animal\sorted_geometric_kyrgyz_geometri_26.jpg,,
sorted_geometric_kyrgyz_shyrdak__29.jpg,animal,originals\animal\sorted_geometric_kyrgyz_shyrdak__29.jpg,,
sorted_geometric_kyrgyz_shyrdak__4.jpg,animal,originals\animal\sorted_geometric_kyrgyz_shyrdak__4.jpg,,
sorted_geometric_kyrgyz_shyrdak__9.jpg,animal,originals\animal\sorted_geometric_kyrgyz_shyrdak__9.jpg,,
sorted_geometric_kyrgyz_traditio_24.jpg,animal,originals\animal\sorted_geometric_kyrgyz_traditio_24.jpg,,
sorted_geometric_kyrgyz_traditio_26.jpg,animal,originals\animal\sorted_geometric_kyrgyz_traditio_26.jpg,,
sorted_geometric_kyrgyz_traditio_5.jpg,animal,originals\animal\sorted_geometric_kyrgyz_traditio_5.jpg,,
sorted_geometric_kyrgyz_traditio_9.jpg,animal,originals\animal\sorted_geometric_kyrgyz_traditio_9.jpg,,
sorted_geometric_shyrdak_red_bla_1.jpg,animal,originals\animal\sorted_geometric_shyrdak_red_bla_1.jpg,,
sorted_geometric_shyrdak_red_bla_10.jpg,animal,originals\animal\sorted_geometric_shyrdak_red_bla_10.jpg,,
sorted_geometric_shyrdak_red_bla_13.jpg,animal,originals\animal\sorted_geometric_shyrdak_red_bla_13.jpg,,
sorted_geometric_shyrdak_red_bla_16.jpg,animal,originals\animal\sorted_geometric_shyrdak_red_bla_16.jpg,,
sorted_geometric_shyrdak_red_bla_19.jpg,animal,originals\animal\sorted_geometric_shyrdak_red_bla_19.jpg,,
sorted_geometric_shyrdak_red_bla_23.jpg,animal,originals\animal\sorted_geometric_shyrdak_red_bla_23.jpg,,
sorted_geometric_shyrdak_red_bla_3.jpg,animal,originals\animal\sorted_geometric_shyrdak_red_bla_3.jpg,,
sorted_geometric_shyrdak_red_bla_32.jpg,animal,originals\animal\sorted_geometric_shyrdak_red_bla_32.jpg,,
sorted_geometric_shyrdak_red_bla_33.jpg,animal,originals\animal\sorted_geometric_shyrdak_red_bla_33.jpg,,
sorted_geometric_shyrdak_red_bla_5.jpg,animal,originals\animal\sorted_geometric_shyrdak_red_bla_5.jpg,,
sorted_symbolic_central_asian_m_1.jpg,animal,originals\animal\sorted_symbolic_central_asian_m_1.jpg,,
sorted_symbolic_central_asian_m_20.jpg,animal,originals\animal\sorted_symbolic_central_asian_m_20.jpg,,
sorted_symbolic_central_asian_m_33.jpg,animal,originals\animal\sorted_symbolic_central_asian_m_33.jpg,,
sorted_symbolic_central_asian_m_49.jpg,animal,originals\animal\sorted_symbolic_central_asian_m_49.jpg,,
sorted_symbolic_central_asian_s_11.jpg,animal,originals\animal\sorted_symbolic_central_asian_s_11.jpg,,
sorted_symbolic_central_asian_s_13.jpg,animal,originals\animal\sorted_symbolic_central_asian_s_13.jpg,,
sorted_symbolic_central_asian_s_15.jpg,animal,originals\animal\sorted_symbolic_central_asian_s_15.jpg,,
sorted_symbolic_central_asian_s_20.jpg,animal,originals\animal\sorted_symbolic_central_asian_s_20.jpg,,
sorted_symbolic_central_asian_s_23.jpg,animal,originals\animal\sorted_symbolic_central_asian_s_23.jpg,,
sorted_symbolic_central_asian_s_33.jpg,animal,originals\animal\sorted_symbolic_central_asian_s_33.jpg,,
sorted_symbolic_central_asian_s_5.jpg,animal,originals\animal\sorted_symbolic_central_asian_s_5.jpg,,
sorted_symbolic_kyrgyz_sun_symb_12.jpg,animal,originals\animal\sorted_symbolic_kyrgyz_sun_symb_12.jpg,,
sorted_symbolic_kyrgyz_sun_symb_26.jpg,animal,originals\animal\sorted_symbolic_kyrgyz_sun_symb_26.jpg,,
sorted_symbolic_kyrgyz_sun_symb_7.jpg,animal,originals\animal\sorted_symbolic_kyrgyz_sun_symb_7.jpg,,
sorted_symbolic_kyrgyz_sun_symb_8.jpg,animal,originals\animal\sorted_symbolic_kyrgyz_sun_symb_8.jpg,,
sorted_symbolic_tunduk_felt_car_31.jpg,animal,originals\animal\sorted_symbolic_tunduk_felt_car_31.jpg,,
sorted_symbolic_tunduk_yurt_roo_20.jpg,animal,originals\animal\sorted_symbolic_tunduk_yurt_roo_20.jpg,,
sorted_symbolic_tunduk_yurt_roo_23.jpg,animal,originals\animal\sorted_symbolic_tunduk_yurt_roo_23.jpg,,
sorted_symbolic_tunduk_yurt_roo_32.jpg,animal,originals\animal\sorted_symbolic_tunduk_yurt_roo_32.jpg,,
sorted_geometric_animal_central_as_2_12.jpg,geometric,originals\geometric\sorted_geometric_animal_central_as_2_12.jpg,,
sorted_geometric_animal_central_as_2_26.jpg,geometric,originals\geometric\sorted_geometric_animal_central_as_2_26.jpg,,
sorted_geometric_animal_Image_19.jpg,geometric,originals\geometric\sorted_geometric_animal_Image_19.jpg,,
sorted_geometric_animal_Image_2.jpg,geometric,originals\geometric\sorted_geometric_animal_Image_2.jpg,,
sorted_geometric_animal_kyrgyz_car_2_14.jpg,geometric,originals\geometric\sorted_geometric_animal_kyrgyz_car_2_14.jpg,,
sorted_geometric_animal_kyrgyz_car_2_19.jpg,geometric,originals\geometric\sorted_geometric_animal_kyrgyz_car_2_19.jpg,,
sorted_geometric_animal_kyrgyz_car_3_25.jpg,geometric,originals\geometric\sorted_geometric_animal_kyrgyz_car_3_25.jpg,,
sorted_geometric_animal_kyrgyz_horn_mot_0.jpg,geometric,originals\geometric\sorted_geometric_animal_kyrgyz_horn_mot_0.jpg,,
sorted_geometric_animal_kyrgyz_kochkor__31.jpg,geometric,originals\geometric\sorted_geometric_animal_kyrgyz_kochkor__31.jpg,,
sorted_geometric_animal_kyrgyz_nomadic__10.jpg,geometric,originals\geometric\sorted_geometric_animal_kyrgyz_nomadic__10.jpg,,
sorted_geometric_animal_kyrgyz_nomadic__11.jpg,geometric,originals\geometric\sorted_geometric_animal_kyrgyz_nomadic__11.jpg,,
sorted_geometric_animal_kyrgyz_nomadic__23.jpg,geometric,originals\geometric\sorted_geometric_animal_kyrgyz_nomadic__23.jpg,,
sorted_geometric_animal_kyrgyz_nomadic__29.jpg,geometric,originals\geometric\sorted_geometric_animal_kyrgyz_nomadic__29.jpg,,
sorted_geometric_animal_kyrgyz_nomadic__30.jpg,geometric,originals\geometric\sorted_geometric_animal_kyrgyz_nomadic__30.jpg,,
sorted_geometric_animal_kyrgyz_nomadic__31.jpg,geometric,originals\geometric\sorted_geometric_animal_kyrgyz_nomadic__31.jpg,,
sorted_geometric_animal_kyrgyz_nomadic__32.jpg,geometric,originals\geometric\sorted_geometric_animal_kyrgyz_nomadic__32.jpg,,
sorted_geometric_animal_kyrgyz_nomadic__34.jpg,geometric,originals\geometric\sorted_geometric_animal_kyrgyz_nomadic__34.jpg,,
sorted_geometric_animal_kyrgyz_nomadic__8.jpg,geometric,originals\geometric\sorted_geometric_animal_kyrgyz_nomadic__8.jpg,,
sorted_geometric_animal_kyrgyz_nomadic__9.jpg,geometric,originals\geometric\sorted_geometric_animal_kyrgyz_nomadic__9.jpg,,
sorted_geometric_animal_ram_horn_spiral_18.jpg,geometric,originals\geometric\sorted_geometric_animal_ram_horn_spiral_18.jpg,,
sorted_geometric_animal_ram_horn_spiral_2.jpg,geometric,originals\geometric\sorted_geometric_animal_ram_horn_spiral_2.jpg,,
sorted_geometric_animal_ram_horn_spiral_21.jpg,geometric,originals\geometric\sorted_geometric_animal_ram_horn_spiral_21.jpg,,
sorted_geometric_animal_ram_horn_spiral_23.jpg,geometric,originals\geometric\sorted_geometric_animal_ram_horn_spiral_23.jpg,,
sorted_geometric_animal_ram_horn_spiral_27.jpg,geometric,originals\geometric\sorted_geometric_animal_ram_horn_spiral_27.jpg,,
sorted_geometric_animal_ram_horn_spiral_33.jpg,geometric,originals\geometric\sorted_geometric_animal_ram_horn_spiral_33.jpg,,
sorted_geometric_animal_ram_horn_spiral_34.jpg,geometric,originals\geometric\sorted_geometric_animal_ram_horn_spiral_34.jpg,,
sorted_geometric_central_asian_d_0.jpg,geometric,originals\geometric\sorted_geometric_central_asian_d_0.jpg,,
sorted_geometric_central_asian_d_10.jpg,geometric,originals\geometric\sorted_geometric_central_asian_d_10.jpg,,
sorted_geometric_central_asian_d_18.jpg,geometric,originals\geometric\sorted_geometric_central_asian_d_18.jpg,,
sorted_geometric_central_asian_d_19.jpg,geometric,originals\geometric\sorted_geometric_central_asian_d_19.jpg,,
sorted_geometric_central_asian_d_2.jpg,geometric,originals\geometric\sorted_geometric_central_asian_d_2.jpg,,
sorted_geometric_central_asian_d_29.jpg,geometric,originals\geometric\sorted_geometric_central_asian_d_29.jpg,,
sorted_geometric_central_asian_d_31.jpg,geometric,originals\geometric\sorted_geometric_central_asian_d_31.jpg,,
sorted_geometric_central_asian_d_34.jpg,geometric,originals\geometric\sorted_geometric_central_asian_d_34.jpg,,
sorted_geometric_central_asian_d_44.jpg,geometric,originals\geometric\sorted_geometric_central_asian_d_44.jpg,,
sorted_geometric_central_asian_d_47.jpg,geometric,originals\geometric\sorted_geometric_central_asian_d_47.jpg,,
sorted_geometric_central_asian_d_49.jpg,geometric,originals\geometric\sorted_geometric_central_asian_d_49.jpg,,
sorted_geometric_central_asian_d_5.jpg,geometric,originals\geometric\sorted_geometric_central_asian_d_5.jpg,,
sorted_geometric_central_asian_d_6.jpg,geometric,originals\geometric\sorted_geometric_central_asian_d_6.jpg,,
sorted_geometric_central_asian_z_0.jpg,geometric,originals\geometric\sorted_geometric_central_asian_z_0.jpg,,
sorted_geometric_central_asian_z_10.jpg,geometric,originals\geometric\sorted_geometric_central_asian_z_10.jpg,,
sorted_geometric_central_asian_z_12.jpg,geometric,originals\geometric\sorted_geometric_central_asian_z_12.jpg,,
sorted_geometric_central_asian_z_13.jpg,geometric,originals\geometric\sorted_geometric_central_asian_z_13.jpg,,
sorted_geometric_central_asian_z_16.jpg,geometric,originals\geometric\sorted_geometric_central_asian_z_16.jpg,,
sorted_geometric_central_asian_z_17.jpg,geometric,originals\geometric\sorted_geometric_central_asian_z_17.jpg,,
sorted_geometric_central_asian_z_23.jpg,geometric,originals\geometric\sorted_geometric_central_asian_z_23.jpg,,
sorted_geometric_central_asian_z_28.jpg,geometric,originals\geometric\sorted_geometric_central_asian_z_28.jpg,,
sorted_geometric_central_asian_z_29.jpg,geometric,originals\geometric\sorted_geometric_central_asian_z_29.jpg,,
sorted_geometric_central_asian_z_30.jpg,geometric,originals\geometric\sorted_geometric_central_asian_z_30.jpg,,
sorted_geometric_central_asian_z_32.jpg,geometric,originals\geometric\sorted_geometric_central_asian_z_32.jpg,,
sorted_geometric_central_asian_z_33.jpg,geometric,originals\geometric\sorted_geometric_central_asian_z_33.jpg,,
sorted_geometric_central_asian_z_8.jpg,geometric,originals\geometric\sorted_geometric_central_asian_z_8.jpg,,
sorted_geometric_central_asian_z_9.jpg,geometric,originals\geometric\sorted_geometric_central_asian_z_9.jpg,,
sorted_geometric_geometric_Image_12.jpg,geometric,originals\geometric\sorted_geometric_geometric_Image_12.jpg,,
sorted_geometric_geometric_Image_14.jpg,geometric,originals\geometric\sorted_geometric_geometric_Image_14.jpg,,
sorted_geometric_geometric_Image_16.jpg,geometric,originals\geometric\sorted_geometric_geometric_Image_16.jpg,,
sorted_geometric_geometric_Image_19.jpg,geometric,originals\geometric\sorted_geometric_geometric_Image_19.jpg,,
sorted_geometric_geometric_Image_2.jpg,geometric,originals\geometric\sorted_geometric_geometric_Image_2.jpg,,
sorted_geometric_geometric_Image_21.jpg,geometric,originals\geometric\sorted_geometric_geometric_Image_21.jpg,,
sorted_geometric_geometric_Image_22.jpg,geometric,originals\geometric\sorted_geometric_geometric_Image_22.jpg,,
sorted_geometric_geometric_Image_24.jpg,geometric,originals\geometric\sorted_geometric_geometric_Image_24.jpg,,
sorted_geometric_geometric_Image_5.jpg,geometric,originals\geometric\sorted_geometric_geometric_Image_5.jpg,,
sorted_geometric_geometric_Image_7.jpg,geometric,originals\geometric\sorted_geometric_geometric_Image_7.jpg,,
sorted_geometric_geometric_kyrgyz_felt_car_15.jpg,geometric,originals\geometric\sorted_geometric_geometric_kyrgyz_felt_car_15.jpg,,
sorted_geometric_geometric_kyrgyz_felt_car_16.jpg,geometric,originals\geometric\sorted_geometric_geometric_kyrgyz_felt_car_16.jpg,,
sorted_geometric_geometric_kyrgyz_felt_car_2.jpg,geometric,originals\geometric\sorted_geometric_geometric_kyrgyz_felt_car_2.jpg,,
sorted_geometric_geometric_kyrgyz_felt_car_21.jpg,geometric,originals\geometric\sorted_geometric_geometric_kyrgyz_felt_car_21.jpg,,
sorted_geometric_geometric_kyrgyz_felt_car_29.jpg,geometric,originals\geometric\sorted_geometric_geometric_kyrgyz_felt_car_29.jpg,,
sorted_geometric_geometric_kyrgyz_felt_car_3.jpg,geometric,originals\geometric\sorted_geometric_geometric_kyrgyz_felt_car_3.jpg,,
sorted_geometric_geometric_kyrgyz_felt_car_34.jpg,geometric,originals\geometric\sorted_geometric_geometric_kyrgyz_felt_car_34.jpg,,
sorted_geometric_geometric_kyrgyz_felt_car_36.jpg,geometric,originals\geometric\sorted_geometric_geometric_kyrgyz_felt_car_36.jpg,,
sorted_geometric_geometric_kyrgyz_felt_car_5.jpg,geometric,originals\geometric\sorted_geometric_geometric_kyrgyz_felt_car_5.jpg,,
sorted_geometric_geometric_kyrgyz_felt_car_7.jpg,geometric,originals\geometric\sorted_geometric_geometric_kyrgyz_felt_car_7.jpg,,
sorted_geometric_geometric_shyrdak_geometr_1.jpg,geometric,originals\geometric\sorted_geometric_geometric_shyrdak_geometr_1.jpg,,
sorted_geometric_geometric_shyrdak_geometr_12.jpg,geometric,originals\geometric\sorted_geometric_geometric_shyrdak_geometr_12.jpg,,
sorted_geometric_geometric_shyrdak_geometr_24.jpg,geometric,originals\geometric\sorted_geometric_geometric_shyrdak_geometr_24.jpg,,
sorted_geometric_geometric_shyrdak_geometr_36.jpg,geometric,originals\geometric\sorted_geometric_geometric_shyrdak_geometr_36.jpg,,
sorted_geometric_geometric_shyrdak_geometr_41.jpg,geometric,originals\geometric\sorted_geometric_geometric_shyrdak_geometr_41.jpg,,
sorted_geometric_geometric_shyrdak_geometr_42.jpg,geometric,originals\geometric\sorted_geometric_geometric_shyrdak_geometr_42.jpg,,
sorted_geometric_kyrgyz_angular__19.jpg,geometric,originals\geometric\sorted_geometric_kyrgyz_angular__19.jpg,,
sorted_geometric_kyrgyz_felt_rug_0.jpg,geometric,originals\geometric\sorted_geometric_kyrgyz_felt_rug_0.jpg,,
sorted_geometric_kyrgyz_felt_rug_18.jpg,geometric,originals\geometric\sorted_geometric_kyrgyz_felt_rug_18.jpg,,
sorted_geometric_kyrgyz_felt_rug_2.jpg,geometric,originals\geometric\sorted_geometric_kyrgyz_felt_rug_2.jpg,,
sorted_geometric_kyrgyz_felt_rug_31.jpg,geometric,originals\geometric\sorted_geometric_kyrgyz_felt_rug_31.jpg,,
sorted_geometric_kyrgyz_felt_rug_34.jpg,geometric,originals\geometric\sorted_geometric_kyrgyz_felt_rug_34.jpg,,
sorted_geometric_kyrgyz_shyrdak__1.jpg,geometric,originals\geometric\sorted_geometric_kyrgyz_shyrdak__1.jpg,,
sorted_geometric_kyrgyz_shyrdak__18.jpg,geometric,originals\geometric\sorted_geometric_kyrgyz_shyrdak__18.jpg,,
sorted_geometric_kyrgyz_shyrdak__2.jpg,geometric,originals\geometric\sorted_geometric_kyrgyz_shyrdak__2.jpg,,
sorted_geometric_kyrgyz_shyrdak__3.jpg,geometric,originals\geometric\sorted_geometric_kyrgyz_shyrdak__3.jpg,,
sorted_geometric_kyrgyz_traditio_12.jpg,geometric,originals\geometric\sorted_geometric_kyrgyz_traditio_12.jpg,,
sorted_geometric_kyrgyz_traditio_17.jpg,geometric,originals\geometric\sorted_geometric_kyrgyz_traditio_17.jpg,,
sorted_geometric_kyrgyz_traditio_3.jpg,geometric,originals\geometric\sorted_geometric_kyrgyz_traditio_3.jpg,,
sorted_geometric_kyrgyz_traditio_6.jpg,geometric,originals\geometric\sorted_geometric_kyrgyz_traditio_6.jpg,,
sorted_geometric_kyrgyz_traditio_7.jpg,geometric,originals\geometric\sorted_geometric_kyrgyz_traditio_7.jpg,,
sorted_geometric_shyrdak_red_bla_12.jpg,geometric,originals\geometric\sorted_geometric_shyrdak_red_bla_12.jpg,,
sorted_geometric_shyrdak_red_bla_14.jpg,geometric,originals\geometric\sorted_geometric_shyrdak_red_bla_14.jpg,,
sorted_geometric_shyrdak_red_bla_8.jpg,geometric,originals\geometric\sorted_geometric_shyrdak_red_bla_8.jpg,,
sorted_geometric_shyrdak_red_bla_9.jpg,geometric,originals\geometric\sorted_geometric_shyrdak_red_bla_9.jpg,,
sorted_geometric_symbolic_Image_10.jpg,geometric,originals\geometric\sorted_geometric_symbolic_Image_10.jpg,,
sorted_geometric_symbolic_Image_14.jpg,geometric,originals\geometric\sorted_geometric_symbolic_Image_14.jpg,,
sorted_geometric_symbolic_Image_21.jpg,geometric,originals\geometric\sorted_geometric_symbolic_Image_21.jpg,,
sorted_geometric_symbolic_kyrgyz_cultural_1.jpg,geometric,originals\geometric\sorted_geometric_symbolic_kyrgyz_cultural_1.jpg,,
sorted_geometric_symbolic_kyrgyz_cultural_31.jpg,geometric,originals\geometric\sorted_geometric_symbolic_kyrgyz_cultural_31.jpg,,
sorted_geometric_symbolic_kyrgyz_cultural_6.jpg,geometric,originals\geometric\sorted_geometric_symbolic_kyrgyz_cultural_6.jpg,,
sorted_geometric_symbolic_kyrgyz_sun_symb_1.jpg,geometric,originals\geometric\sorted_geometric_symbolic_kyrgyz_sun_symb_1.jpg,,
sorted_geometric_symbolic_kyrgyz_symbolic_38.jpg,geometric,originals\geometric\sorted_geometric_symbolic_kyrgyz_symbolic_38.jpg,,
sorted_geometric_symbolic_kyrgyz_symbolic_46.jpg,geometric,originals\geometric\sorted_geometric_symbolic_kyrgyz_symbolic_46.jpg,,
sorted_geometric_symbolic_kyrgyz_symbolic_8.jpg,geometric,originals\geometric\sorted_geometric_symbolic_kyrgyz_symbolic_8.jpg,,
sorted_geometric_symbolic_kyrgyz_tunduk_s_1.jpg,geometric,originals\geometric\sorted_geometric_symbolic_kyrgyz_tunduk_s_1.jpg,,
sorted_geometric_symbolic_kyrgyz_tunduk_s_10.jpg,geometric,originals\geometric\sorted_geometric_symbolic_kyrgyz_tunduk_s_10.jpg,,
sorted_geometric_symbolic_kyrgyz_tunduk_s_19.jpg,geometric,originals\geometric\sorted_geometric_symbolic_kyrgyz_tunduk_s_19.jpg,,
sorted_geometric_symbolic_kyrgyz_yurt_pat_29.jpg,geometric,originals\geometric\sorted_geometric_symbolic_kyrgyz_yurt_pat_29.jpg,,
sorted_geometric_symbolic_kyrgyz_yurt_pat_3.jpg,geometric,originals\geometric\sorted_geometric_symbolic_kyrgyz_yurt_pat_3.jpg,,
sorted_geometric_symbolic_kyrgyz_yurt_pat_34.jpg,geometric,originals\geometric\sorted_geometric_symbolic_kyrgyz_yurt_pat_34.jpg,,
sorted_symbolic_central_asian_m_10.jpg,geometric,originals\geometric\sorted_symbolic_central_asian_m_10.jpg,,
sorted_symbolic_central_asian_m_11.jpg,geometric,originals\geometric\sorted_symbolic_central_asian_m_11.jpg,,
sorted_symbolic_central_asian_m_14.jpg,geometric,originals\geometric\sorted_symbolic_central_asian_m_14.jpg,,
sorted_symbolic_central_asian_m_27.jpg,geometric,originals\geometric\sorted_symbolic_central_asian_m_27.jpg,,
sorted_symbolic_central_asian_m_29.jpg,geometric,originals\geometric\sorted_symbolic_central_asian_m_29.jpg,,
sorted_symbolic_central_asian_m_40.jpg,geometric,originals\geometric\sorted_symbolic_central_asian_m_40.jpg,,
sorted_symbolic_central_asian_m_44.jpg,geometric,originals\geometric\sorted_symbolic_central_asian_m_44.jpg,,
sorted_symbolic_central_asian_m_45.jpg,geometric,originals\geometric\sorted_symbolic_central_asian_m_45.jpg,,
sorted_symbolic_central_asian_m_5.jpg,geometric,originals\geometric\sorted_symbolic_central_asian_m_5.jpg,,
sorted_symbolic_central_asian_m_58.jpg,geometric,originals\geometric\sorted_symbolic_central_asian_m_58.jpg,,
sorted_symbolic_central_asian_m_8.jpg,geometric,originals\geometric\sorted_symbolic_central_asian_m_8.jpg,,
sorted_symbolic_central_asian_s_0.jpg,geometric,originals\geometric\sorted_symbolic_central_asian_s_0.jpg,,
sorted_symbolic_central_asian_s_10.jpg,geometric,originals\geometric\sorted_symbolic_central_asian_s_10.jpg,,
sorted_symbolic_central_asian_s_12.jpg,geometric,originals\geometric\sorted_symbolic_central_asian_s_12.jpg,,
sorted_symbolic_central_asian_s_14.jpg,geometric,originals\geometric\sorted_symbolic_central_asian_s_14.jpg,,
sorted_symbolic_central_asian_s_16.jpg,geometric,originals\geometric\sorted_symbolic_central_asian_s_16.jpg,,
sorted_symbolic_central_asian_s_21.jpg,geometric,originals\geometric\sorted_symbolic_central_asian_s_21.jpg,,
sorted_symbolic_central_asian_s_22.jpg,geometric,originals\geometric\sorted_symbolic_central_asian_s_22.jpg,,
sorted_symbolic_central_asian_s_25.jpg,geometric,originals\geometric\sorted_symbolic_central_asian_s_25.jpg,,
sorted_symbolic_central_asian_s_26.jpg,geometric,originals\geometric\sorted_symbolic_central_asian_s_26.jpg,,
sorted_symbolic_central_asian_s_30.jpg,geometric,originals\geometric\sorted_symbolic_central_asian_s_30.jpg,,
sorted_symbolic_central_asian_s_34.jpg,geometric,originals\geometric\sorted_symbolic_central_asian_s_34.jpg,,
sorted_symbolic_kyrgyz_circular_44.jpg,geometric,originals\geometric\sorted_symbolic_kyrgyz_circular_44.jpg,,
sorted_symbolic_kyrgyz_sun_symb_13.jpg,geometric,originals\geometric\sorted_symbolic_kyrgyz_sun_symb_13.jpg,,
sorted_symbolic_kyrgyz_sun_symb_32.jpg,geometric,originals\geometric\sorted_symbolic_kyrgyz_sun_symb_32.jpg,,
sorted_symbolic_kyrgyz_sun_symb_33.jpg,geometric,originals\geometric\sorted_symbolic_kyrgyz_sun_symb_33.jpg,,
sorted_symbolic_kyrgyz_sun_symb_5.jpg,geometric,originals\geometric\sorted_symbolic_kyrgyz_sun_symb_5.jpg,,
sorted_symbolic_kyrgyz_tunduk_o_15.jpg,geometric,originals\geometric\sorted_symbolic_kyrgyz_tunduk_o_15.jpg,,
sorted_symbolic_kyrgyz_wheel_pa_17.jpg,geometric,originals\geometric\sorted_symbolic_kyrgyz_wheel_pa_17.jpg,,
sorted_symbolic_kyrgyz_wheel_pa_27.jpg,geometric,originals\geometric\sorted_symbolic_kyrgyz_wheel_pa_27.jpg,,
sorted_symbolic_kyrgyz_wheel_pa_33.jpg,geometric,originals\geometric\sorted_symbolic_kyrgyz_wheel_pa_33.jpg,,
sorted_symbolic_tunduk_felt_car_22.jpg,geometric,originals\geometric\sorted_symbolic_tunduk_felt_car_22.jpg,,
sorted_symbolic_tunduk_felt_car_28.jpg,geometric,originals\geometric\sorted_symbolic_tunduk_felt_car_28.jpg,,
sorted_symbolic_tunduk_felt_car_30.jpg,geometric,originals\geometric\sorted_symbolic_tunduk_felt_car_30.jpg,,
sorted_symbolic_tunduk_felt_car_34.jpg,geometric,originals\geometric\sorted_symbolic_tunduk_felt_car_34.jpg,,
sorted_symbolic_tunduk_yurt_roo_1.jpg,geometric,originals\geometric\sorted_symbolic_tunduk_yurt_roo_1.jpg,,
sorted_geometric_central_asian_z_2.jpg,symbolic,originals\symbolic\sorted_geometric_central_asian_z_2.jpg,,
sorted_geometric_central_asian_z_5.jpg,symbolic,originals\symbolic\sorted_geometric_central_asian_z_5.jpg,,
sorted_geometric_kyrgyz_angular__0.jpg,symbolic,originals\symbolic\sorted_geometric_kyrgyz_angular__0.jpg,,
sorted_geometric_kyrgyz_angular__10.jpg,symbolic,originals\symbolic\sorted_geometric_kyrgyz_angular__10.jpg,,
sorted_geometric_kyrgyz_angular__18.jpg,symbolic,originals\symbolic\sorted_geometric_kyrgyz_angular__18.jpg,,
sorted_geometric_kyrgyz_angular__30.jpg,symbolic,originals\symbolic\sorted_geometric_kyrgyz_angular__30.jpg,,
sorted_geometric_kyrgyz_geometri_29.jpg,symbolic,originals\symbolic\sorted_geometric_kyrgyz_geometri_29.jpg,,
sorted_geometric_kyrgyz_shyrdak__22.jpg,symbolic,originals\symbolic\sorted_geometric_kyrgyz_shyrdak__22.jpg,,
sorted_geometric_kyrgyz_traditio_10.jpg,symbolic,originals\symbolic\sorted_geometric_kyrgyz_traditio_10.jpg,,
sorted_geometric_shyrdak_red_bla_15.jpg,symbolic,originals\symbolic\sorted_geometric_shyrdak_red_bla_15.jpg,,
sorted_symbolic_animal_central_as_2_24.jpg,symbolic,originals\symbolic\sorted_symbolic_animal_central_as_2_24.jpg,,
sorted_symbolic_animal_Image_13.jpg,symbolic,originals\symbolic\sorted_symbolic_animal_Image_13.jpg,,
sorted_symbolic_animal_Image_16.jpg,symbolic,originals\symbolic\sorted_symbolic_animal_Image_16.jpg,,
sorted_symbolic_animal_Image_21.jpg,symbolic,originals\symbolic\sorted_symbolic_animal_Image_21.jpg,,
sorted_symbolic_animal_Image_22.jpg,symbolic,originals\symbolic\sorted_symbolic_animal_Image_22.jpg,,
sorted_symbolic_animal_Image_23.jpg,symbolic,originals\symbolic\sorted_symbolic_animal_Image_23.jpg,,
sorted_symbolic_animal_kyrgyz_nomadic__17.jpg,symbolic,originals\symbolic\sorted_symbolic_animal_kyrgyz_nomadic__17.jpg,,
sorted_symbolic_animal_ram_horn_spiral_9.jpg,symbolic,originals\symbolic\sorted_symbolic_animal_ram_horn_spiral_9.jpg,,
sorted_symbolic_central_asian_m_13.jpg,symbolic,originals\symbolic\sorted_symbolic_central_asian_m_13.jpg,,
sorted_symbolic_central_asian_m_15.jpg,symbolic,originals\symbolic\sorted_symbolic_central_asian_m_15.jpg,,
sorted_symbolic_central_asian_m_16.jpg,symbolic,originals\symbolic\sorted_symbolic_central_asian_m_16.jpg,,
sorted_symbolic_central_asian_m_23.jpg,symbolic,originals\symbolic\sorted_symbolic_central_asian_m_23.jpg,,
sorted_symbolic_central_asian_m_24.jpg,symbolic,originals\symbolic\sorted_symbolic_central_asian_m_24.jpg,,
sorted_symbolic_central_asian_m_26.jpg,symbolic,originals\symbolic\sorted_symbolic_central_asian_m_26.jpg,,
sorted_symbolic_central_asian_m_28.jpg,symbolic,originals\symbolic\sorted_symbolic_central_asian_m_28.jpg,,
sorted_symbolic_central_asian_m_3.jpg,symbolic,originals\symbolic\sorted_symbolic_central_asian_m_3.jpg,,
sorted_symbolic_central_asian_m_30.jpg,symbolic,originals\symbolic\sorted_symbolic_central_asian_m_30.jpg,,
sorted_symbolic_central_asian_m_31.jpg,symbolic,originals\symbolic\sorted_symbolic_central_asian_m_31.jpg,,
sorted_symbolic_central_asian_m_32.jpg,symbolic,originals\symbolic\sorted_symbolic_central_asian_m_32.jpg,,
sorted_symbolic_central_asian_m_34.jpg,symbolic,originals\symbolic\sorted_symbolic_central_asian_m_34.jpg,,
sorted_symbolic_central_asian_m_36.jpg,symbolic,originals\symbolic\sorted_symbolic_central_asian_m_36.jpg,,
sorted_symbolic_central_asian_m_37.jpg,symbolic,originals\symbolic\sorted_symbolic_central_asian_m_37.jpg,,
sorted_symbolic_central_asian_m_38.jpg,symbolic,originals\symbolic\sorted_symbolic_central_asian_m_38.jpg,,
sorted_symbolic_central_asian_m_39.jpg,symbolic,originals\symbolic\sorted_symbolic_central_asian_m_39.jpg,,
sorted_symbolic_central_asian_m_4.jpg,symbolic,originals\symbolic\sorted_symbolic_central_asian_m_4.jpg,,
sorted_symbolic_central_asian_m_42.jpg,symbolic,originals\symbolic\sorted_symbolic_central_asian_m_42.jpg,,
sorted_symbolic_central_asian_m_46.jpg,symbolic,originals\symbolic\sorted_symbolic_central_asian_m_46.jpg,,
sorted_symbolic_central_asian_m_47.jpg,symbolic,originals\symbolic\sorted_symbolic_central_asian_m_47.jpg,,
sorted_symbolic_central_asian_m_50.jpg,symbolic,originals\symbolic\sorted_symbolic_central_asian_m_50.jpg,,
sorted_symbolic_central_asian_m_52.jpg,symbolic,originals\symbolic\sorted_symbolic_central_asian_m_52.jpg,,
sorted_symbolic_central_asian_m_54.jpg,symbolic,originals\symbolic\sorted_symbolic_central_asian_m_54.jpg,,
sorted_symbolic_central_asian_m_59.jpg,symbolic,originals\symbolic\sorted_symbolic_central_asian_m_59.jpg,,
sorted_symbolic_central_asian_m_6.jpg,symbolic,originals\symbolic\sorted_symbolic_central_asian_m_6.jpg,,
sorted_symbolic_central_asian_s_19.jpg,symbolic,originals\symbolic\sorted_symbolic_central_asian_s_19.jpg,,
sorted_symbolic_central_asian_s_2.jpg,symbolic,originals\symbolic\sorted_symbolic_central_asian_s_2.jpg,,
sorted_symbolic_central_asian_s_24.jpg,symbolic,originals\symbolic\sorted_symbolic_central_asian_s_24.jpg,,
sorted_symbolic_central_asian_s_29.jpg,symbolic,originals\symbolic\sorted_symbolic_central_asian_s_29.jpg,,
sorted_symbolic_central_asian_s_4.jpg,symbolic,originals\symbolic\sorted_symbolic_central_asian_s_4.jpg,,
sorted_symbolic_central_asian_s_6.jpg,symbolic,originals\symbolic\sorted_symbolic_central_asian_s_6.jpg,,
sorted_symbolic_central_asian_s_7.jpg,symbolic,originals\symbolic\sorted_symbolic_central_asian_s_7.jpg,,
sorted_symbolic_geometric_kyrgyz_felt_car_37.jpg,symbolic,originals\symbolic\sorted_symbolic_geometric_kyrgyz_felt_car_37.jpg,,
sorted_symbolic_kyrgyz_circular_1.jpg,symbolic,originals\symbolic\sorted_symbolic_kyrgyz_circular_1.jpg,,
sorted_symbolic_kyrgyz_circular_10.jpg,symbolic,originals\symbolic\sorted_symbolic_kyrgyz_circular_10.jpg,,
sorted_symbolic_kyrgyz_circular_11.jpg,symbolic,originals\symbolic\sorted_symbolic_kyrgyz_circular_11.jpg,,
sorted_symbolic_kyrgyz_circular_16.jpg,symbolic,originals\symbolic\sorted_symbolic_kyrgyz_circular_16.jpg,,
sorted_symbolic_kyrgyz_circular_17.jpg,symbolic,originals\symbolic\sorted_symbolic_kyrgyz_circular_17.jpg,,
sorted_symbolic_kyrgyz_circular_19.jpg,symbolic,originals\symbolic\sorted_symbolic_kyrgyz_circular_19.jpg,,
sorted_symbolic_kyrgyz_circular_2.jpg,symbolic,originals\symbolic\sorted_symbolic_kyrgyz_circular_2.jpg,,
sorted_symbolic_kyrgyz_circular_21.jpg,symbolic,originals\symbolic\sorted_symbolic_kyrgyz_circular_21.jpg,,
sorted_symbolic_kyrgyz_circular_22.jpg,symbolic,originals\symbolic\sorted_symbolic_kyrgyz_circular_22.jpg,,
sorted_symbolic_kyrgyz_circular_23.jpg,symbolic,originals\symbolic\sorted_symbolic_kyrgyz_circular_23.jpg,,
sorted_symbolic_kyrgyz_circular_26.jpg,symbolic,originals\symbolic\sorted_symbolic_kyrgyz_circular_26.jpg,,
sorted_symbolic_kyrgyz_circular_27.jpg,symbolic,originals\symbolic\sorted_symbolic_kyrgyz_circular_27.jpg,,
sorted_symbolic_kyrgyz_circular_28.jpg,symbolic,originals\symbolic\sorted_symbolic_kyrgyz_circular_28.jpg,,
sorted_symbolic_kyrgyz_circular_29.jpg,symbolic,originals\symbolic\sorted_symbolic_kyrgyz_circular_29.jpg,,
sorted_symbolic_kyrgyz_circular_3.jpg,symbolic,originals\symbolic\sorted_symbolic_kyrgyz_circular_3.jpg,,
sorted_symbolic_kyrgyz_circular_31.jpg,symbolic,originals\symbolic\sorted_symbolic_kyrgyz_circular_31.jpg,,
sorted_symbolic_kyrgyz_circular_32.jpg,symbolic,originals\symbolic\sorted_symbolic_kyrgyz_circular_32.jpg,,
sorted_symbolic_kyrgyz_circular_33.jpg,symbolic,originals\symbolic\sorted_symbolic_kyrgyz_circular_33.jpg,,
sorted_symbolic_kyrgyz_circular_35.jpg,symbolic,originals\symbolic\sorted_symbolic_kyrgyz_circular_35.jpg,,
sorted_symbolic_kyrgyz_circular_36.jpg,symbolic,originals\symbolic\sorted_symbolic_kyrgyz_circular_36.jpg,,
sorted_symbolic_kyrgyz_circular_4.jpg,symbolic,originals\symbolic\sorted_symbolic_kyrgyz_circular_4.jpg,,
sorted_symbolic_kyrgyz_circular_46.jpg,symbolic,originals\symbolic\sorted_symbolic_kyrgyz_circular_46.jpg,,
sorted_symbolic_kyrgyz_circular_48.jpg,symbolic,originals\symbolic\sorted_symbolic_kyrgyz_circular_48.jpg,,
sorted_symbolic_kyrgyz_circular_49.jpg,symbolic,originals\symbolic\sorted_symbolic_kyrgyz_circular_49.jpg,,
sorted_symbolic_kyrgyz_circular_6.jpg,symbolic,originals\symbolic\sorted_symbolic_kyrgyz_circular_6.jpg,,
sorted_symbolic_kyrgyz_circular_7.jpg,symbolic,originals\symbolic\sorted_symbolic_kyrgyz_circular_7.jpg,,
sorted_symbolic_kyrgyz_circular_9.jpg,symbolic,originals\symbolic\sorted_symbolic_kyrgyz_circular_9.jpg,,
sorted_symbolic_kyrgyz_cosmic_s_0.jpg,symbolic,originals\symbolic\sorted_symbolic_kyrgyz_cosmic_s_0.jpg,,
sorted_symbolic_kyrgyz_cosmic_s_1.jpg,symbolic,originals\symbolic\sorted_symbolic_kyrgyz_cosmic_s_1.jpg,,
sorted_symbolic_kyrgyz_cosmic_s_10.jpg,symbolic,originals\symbolic\sorted_symbolic_kyrgyz_cosmic_s_10.jpg,,
sorted_symbolic_kyrgyz_cosmic_s_12.jpg,symbolic,originals\symbolic\sorted_symbolic_kyrgyz_cosmic_s_12.jpg,,
sorted_symbolic_kyrgyz_cosmic_s_18.jpg,symbolic,originals\symbolic\sorted_symbolic_kyrgyz_cosmic_s_18.jpg,,
sorted_symbolic_kyrgyz_cosmic_s_3.jpg,symbolic,originals\symbolic\sorted_symbolic_kyrgyz_cosmic_s_3.jpg,,
sorted_symbolic_kyrgyz_cosmic_s_34.jpg,symbolic,originals\symbolic\sorted_symbolic_kyrgyz_cosmic_s_34.jpg,,
sorted_symbolic_kyrgyz_cosmic_s_6.jpg,symbolic,originals\symbolic\sorted_symbolic_kyrgyz_cosmic_s_6.jpg,,
sorted_symbolic_kyrgyz_cosmic_s_7.jpg,symbolic,originals\symbolic\sorted_symbolic_kyrgyz_cosmic_s_7.jpg,,
sorted_symbolic_kyrgyz_cosmic_s_9.jpg,symbolic,originals\symbolic\sorted_symbolic_kyrgyz_cosmic_s_9.jpg,,
sorted_symbolic_kyrgyz_round_me_0.jpg,symbolic,originals\symbolic\sorted_symbolic_kyrgyz_round_me_0.jpg,,
sorted_symbolic_kyrgyz_round_me_10.jpg,symbolic,originals\symbolic\sorted_symbolic_kyrgyz_round_me_10.jpg,,
sorted_symbolic_kyrgyz_round_me_13.jpg,symbolic,originals\symbolic\sorted_symbolic_kyrgyz_round_me_13.jpg,,
sorted_symbolic_kyrgyz_round_me_17.jpg,symbolic,originals\symbolic\sorted_symbolic_kyrgyz_round_me_17.jpg,,
sorted_symbolic_kyrgyz_round_me_23.jpg,symbolic,originals\symbolic\sorted_symbolic_kyrgyz_round_me_23.jpg,,
sorted_symbolic_kyrgyz_round_me_25.jpg,symbolic,originals\symbolic\sorted_symbolic_kyrgyz_round_me_25.jpg,,
sorted_symbolic_kyrgyz_round_me_27.jpg,symbolic,originals\symbolic\sorted_symbolic_kyrgyz_round_me_27.jpg,,
sorted_symbolic_kyrgyz_round_me_28.jpg,symbolic,originals\symbolic\sorted_symbolic_kyrgyz_round_me_28.jpg,,
sorted_symbolic_kyrgyz_round_me_3.jpg,symbolic,originals\symbolic\sorted_symbolic_kyrgyz_round_me_3.jpg,,
sorted_symbolic_kyrgyz_round_me_31.jpg,symbolic,originals\symbolic\sorted_symbolic_kyrgyz_round_me_31.jpg,,
sorted_symbolic_kyrgyz_round_me_34.jpg,symbolic,originals\symbolic\sorted_symbolic_kyrgyz_round_me_34.jpg,,
sorted_symbolic_kyrgyz_round_me_6.jpg,symbolic,originals\symbolic\sorted_symbolic_kyrgyz_round_me_6.jpg,,
sorted_symbolic_kyrgyz_sun_symb_11.jpg,symbolic,originals\symbolic\sorted_symbolic_kyrgyz_sun_symb_11.jpg,,
sorted_symbolic_kyrgyz_sun_symb_14.jpg,symbolic,originals\symbolic\sorted_symbolic_kyrgyz_sun_symb_14.jpg,,
sorted_symbolic_kyrgyz_sun_symb_15.jpg,symbolic,originals\symbolic\sorted_symbolic_kyrgyz_sun_symb_15.jpg,,
sorted_symbolic_kyrgyz_sun_symb_16.jpg,symbolic,originals\symbolic\sorted_symbolic_kyrgyz_sun_symb_16.jpg,,
sorted_symbolic_kyrgyz_sun_symb_18.jpg,symbolic,originals\symbolic\sorted_symbolic_kyrgyz_sun_symb_18.jpg,,
sorted_symbolic_kyrgyz_sun_symb_21.jpg,symbolic,originals\symbolic\sorted_symbolic_kyrgyz_sun_symb_21.jpg,,
sorted_symbolic_kyrgyz_sun_symb_28.jpg,symbolic,originals\symbolic\sorted_symbolic_kyrgyz_sun_symb_28.jpg,,
sorted_symbolic_kyrgyz_tunduk_o_16.jpg,symbolic,originals\symbolic\sorted_symbolic_kyrgyz_tunduk_o_16.jpg,,
sorted_symbolic_kyrgyz_tunduk_o_30.jpg,symbolic,originals\symbolic\sorted_symbolic_kyrgyz_tunduk_o_30.jpg,,
sorted_symbolic_kyrgyz_wheel_pa_0.jpg,symbolic,originals\symbolic\sorted_symbolic_kyrgyz_wheel_pa_0.jpg,,
sorted_symbolic_kyrgyz_wheel_pa_10.jpg,symbolic,originals\symbolic\sorted_symbolic_kyrgyz_wheel_pa_10.jpg,,
sorted_symbolic_kyrgyz_wheel_pa_15.jpg,symbolic,originals\symbolic\sorted_symbolic_kyrgyz_wheel_pa_15.jpg,,
sorted_symbolic_kyrgyz_wheel_pa_19.jpg,symbolic,originals\symbolic\sorted_symbolic_kyrgyz_wheel_pa_19.jpg,,
sorted_symbolic_kyrgyz_wheel_pa_22.jpg,symbolic,originals\symbolic\sorted_symbolic_kyrgyz_wheel_pa_22.jpg,,
sorted_symbolic_kyrgyz_wheel_pa_26.jpg,symbolic,originals\symbolic\sorted_symbolic_kyrgyz_wheel_pa_26.jpg,,
sorted_symbolic_kyrgyz_wheel_pa_3.jpg,symbolic,originals\symbolic\sorted_symbolic_kyrgyz_wheel_pa_3.jpg,,
sorted_symbolic_kyrgyz_wheel_pa_32.jpg,symbolic,originals\symbolic\sorted_symbolic_kyrgyz_wheel_pa_32.jpg,,
sorted_symbolic_kyrgyz_wheel_pa_4.jpg,symbolic,originals\symbolic\sorted_symbolic_kyrgyz_wheel_pa_4.jpg,,
sorted_symbolic_kyrgyz_wheel_pa_8.jpg,symbolic,originals\symbolic\sorted_symbolic_kyrgyz_wheel_pa_8.jpg,,
sorted_symbolic_kyrgyz_wheel_pa_9.jpg,symbolic,originals\symbolic\sorted_symbolic_kyrgyz_wheel_pa_9.jpg,,
sorted_symbolic_symbolic_Image_2.jpg,symbolic,originals\symbolic\sorted_symbolic_symbolic_Image_2.jpg,,
sorted_symbolic_symbolic_Image_3.jpg,symbolic,originals\symbolic\sorted_symbolic_symbolic_Image_3.jpg,,
sorted_symbolic_symbolic_Image_5.jpg,symbolic,originals\symbolic\sorted_symbolic_symbolic_Image_5.jpg,,
sorted_symbolic_symbolic_kyrgyz_cultural_10.jpg,symbolic,originals\symbolic\sorted_symbolic_symbolic_kyrgyz_cultural_10.jpg,,
sorted_symbolic_symbolic_kyrgyz_cultural_21.jpg,symbolic,originals\symbolic\sorted_symbolic_symbolic_kyrgyz_cultural_21.jpg,,
sorted_symbolic_symbolic_kyrgyz_cultural_27.jpg,symbolic,originals\symbolic\sorted_symbolic_symbolic_kyrgyz_cultural_27.jpg,,
sorted_symbolic_symbolic_kyrgyz_sun_symb_24.jpg,symbolic,originals\symbolic\sorted_symbolic_symbolic_kyrgyz_sun_symb_24.jpg,,
sorted_symbolic_symbolic_kyrgyz_symbolic_0.jpg,symbolic,originals\symbolic\sorted_symbolic_symbolic_kyrgyz_symbolic_0.jpg,,
sorted_symbolic_symbolic_kyrgyz_symbolic_10.jpg,symbolic,originals\symbolic\sorted_symbolic_symbolic_kyrgyz_symbolic_10.jpg,,
sorted_symbolic_symbolic_kyrgyz_symbolic_11.jpg,symbolic,originals\symbolic\sorted_symbolic_symbolic_kyrgyz_symbolic_11.jpg,,
sorted_symbolic_symbolic_kyrgyz_symbolic_35.jpg,symbolic,originals\symbolic\sorted_symbolic_symbolic_kyrgyz_symbolic_35.jpg,,
sorted_symbolic_symbolic_kyrgyz_symbolic_39.jpg,symbolic,originals\symbolic\sorted_symbolic_symbolic_kyrgyz_symbolic_39.jpg,,
sorted_symbolic_symbolic_kyrgyz_symbolic_47.jpg,symbolic,originals\symbolic\sorted_symbolic_symbolic_kyrgyz_symbolic_47.jpg,,
sorted_symbolic_symbolic_kyrgyz_symbolic_48.jpg,symbolic,originals\symbolic\sorted_symbolic_symbolic_kyrgyz_symbolic_48.jpg,,
sorted_symbolic_symbolic_kyrgyz_symbolic_6.jpg,symbolic,originals\symbolic\sorted_symbolic_symbolic_kyrgyz_symbolic_6.jpg,,
sorted_symbolic_symbolic_kyrgyz_tribal_s_11.jpg,symbolic,originals\symbolic\sorted_symbolic_symbolic_kyrgyz_tribal_s_11.jpg,,
sorted_symbolic_symbolic_kyrgyz_tribal_s_22.jpg,symbolic,originals\symbolic\sorted_symbolic_symbolic_kyrgyz_tribal_s_22.jpg,,
sorted_symbolic_symbolic_kyrgyz_tribal_s_26.jpg,symbolic,originals\symbolic\sorted_symbolic_symbolic_kyrgyz_tribal_s_26.jpg,,
sorted_symbolic_symbolic_kyrgyz_tribal_s_31.jpg,symbolic,originals\symbolic\sorted_symbolic_symbolic_kyrgyz_tribal_s_31.jpg,,
sorted_symbolic_symbolic_kyrgyz_tunduk_s_17.jpg,symbolic,originals\symbolic\sorted_symbolic_symbolic_kyrgyz_tunduk_s_17.jpg,,
sorted_symbolic_symbolic_kyrgyz_tunduk_s_23.jpg,symbolic,originals\symbolic\sorted_symbolic_symbolic_kyrgyz_tunduk_s_23.jpg,,
sorted_symbolic_symbolic_kyrgyz_tunduk_s_4.jpg,symbolic,originals\symbolic\sorted_symbolic_symbolic_kyrgyz_tunduk_s_4.jpg,,
sorted_symbolic_symbolic_kyrgyz_yurt_pat_12.jpg,symbolic,originals\symbolic\sorted_symbolic_symbolic_kyrgyz_yurt_pat_12.jpg,,
sorted_symbolic_symbolic_kyrgyz_yurt_pat_21.jpg,symbolic,originals\symbolic\sorted_symbolic_symbolic_kyrgyz_yurt_pat_21.jpg,,
sorted_symbolic_symbolic_kyrgyz_yurt_pat_22.jpg,symbolic,originals\symbolic\sorted_symbolic_symbolic_kyrgyz_yurt_pat_22.jpg,,
sorted_symbolic_symbolic_kyrgyz_yurt_pat_25.jpg,symbolic,originals\symbolic\sorted_symbolic_symbolic_kyrgyz_yurt_pat_25.jpg,,
sorted_symbolic_symbolic_kyrgyz_yurt_pat_5.jpg,symbolic,originals\symbolic\sorted_symbolic_symbolic_kyrgyz_yurt_pat_5.jpg,,
sorted_symbolic_tunduk_felt_car_0.jpg,symbolic,originals\symbolic\sorted_symbolic_tunduk_felt_car_0.jpg,,
sorted_symbolic_tunduk_felt_car_1.jpg,symbolic,originals\symbolic\sorted_symbolic_tunduk_felt_car_1.jpg,,
sorted_symbolic_tunduk_felt_car_16.jpg,symbolic,originals\symbolic\sorted_symbolic_tunduk_felt_car_16.jpg,,
sorted_symbolic_tunduk_felt_car_17.jpg,symbolic,originals\symbolic\sorted_symbolic_tunduk_felt_car_17.jpg,,
sorted_symbolic_tunduk_felt_car_19.jpg,symbolic,originals\symbolic\sorted_symbolic_tunduk_felt_car_19.jpg,,
sorted_symbolic_tunduk_felt_car_2.jpg,symbolic,originals\symbolic\sorted_symbolic_tunduk_felt_car_2.jpg,,
sorted_symbolic_tunduk_felt_car_21.jpg,symbolic,originals\symbolic\sorted_symbolic_tunduk_felt_car_21.jpg,,
sorted_symbolic_tunduk_felt_car_24.jpg,symbolic,originals\symbolic\sorted_symbolic_tunduk_felt_car_24.jpg,,
sorted_symbolic_tunduk_felt_car_26.jpg,symbolic,originals\symbolic\sorted_symbolic_tunduk_felt_car_26.jpg,,
sorted_symbolic_tunduk_felt_car_27.jpg,symbolic,originals\symbolic\sorted_symbolic_tunduk_felt_car_27.jpg,,
sorted_symbolic_tunduk_felt_car_3.jpg,symbolic,originals\symbolic\sorted_symbolic_tunduk_felt_car_3.jpg,,
sorted_symbolic_tunduk_felt_car_32.jpg,symbolic,originals\symbolic\sorted_symbolic_tunduk_felt_car_32.jpg,,
sorted_symbolic_tunduk_felt_car_33.jpg,symbolic,originals\symbolic\sorted_symbolic_tunduk_felt_car_33.jpg,,
sorted_symbolic_tunduk_felt_car_4.jpg,symbolic,originals\symbolic\sorted_symbolic_tunduk_felt_car_4.jpg,,
sorted_symbolic_tunduk_felt_car_5.jpg,symbolic,originals\symbolic\sorted_symbolic_tunduk_felt_car_5.jpg,,
sorted_symbolic_tunduk_felt_car_7.jpg,symbolic,originals\symbolic\sorted_symbolic_tunduk_felt_car_7.jpg,,
sorted_symbolic_tunduk_yurt_roo_11.jpg,symbolic,originals\symbolic\sorted_symbolic_tunduk_yurt_roo_11.jpg,,
sorted_symbolic_tunduk_yurt_roo_14.jpg,symbolic,originals\symbolic\sorted_symbolic_tunduk_yurt_roo_14.jpg,,
sorted_symbolic_tunduk_yurt_roo_15.jpg,symbolic,originals\symbolic\sorted_symbolic_tunduk_yurt_roo_15.jpg,,
sorted_symbolic_tunduk_yurt_roo_17.jpg,symbolic,originals\symbolic\sorted_symbolic_tunduk_yurt_roo_17.jpg,,
sorted_symbolic_tunduk_yurt_roo_19.jpg,symbolic,originals\symbolic\sorted_symbolic_tunduk_yurt_roo_19.jpg,,
sorted_symbolic_tunduk_yurt_roo_22.jpg,symbolic,originals\symbolic\sorted_symbolic_tunduk_yurt_roo_22.jpg,,
sorted_symbolic_tunduk_yurt_roo_24.jpg,symbolic,originals\symbolic\sorted_symbolic_tunduk_yurt_roo_24.jpg,,
sorted_symbolic_tunduk_yurt_roo_26.jpg,symbolic,originals\symbolic\sorted_symbolic_tunduk_yurt_roo_26.jpg,,
sorted_symbolic_tunduk_yurt_roo_28.jpg,symbolic,originals\symbolic\sorted_symbolic_tunduk_yurt_roo_28.jpg,,
sorted_symbolic_tunduk_yurt_roo_3.jpg,symbolic,originals\symbolic\sorted_symbolic_tunduk_yurt_roo_3.jpg,,
sorted_symbolic_tunduk_yurt_roo_30.jpg,symbolic,originals\symbolic\sorted_symbolic_tunduk_yurt_roo_30.jpg,,
sorted_symbolic_tunduk_yurt_roo_33.jpg,symbolic,originals\symbolic\sorted_symbolic_tunduk_yurt_roo_33.jpg,,
sorted_symbolic_tunduk_yurt_roo_4.jpg,symbolic,originals\symbolic\sorted_symbolic_tunduk_yurt_roo_4.jpg,,
sorted_symbolic_tunduk_yurt_roo_6.jpg,symbolic,originals\symbolic\sorted_symbolic_tunduk_yurt_roo_6.jpg,,
sorted_symbolic_tunduk_yurt_roo_8.jpg,symbolic,originals\symbolic\sorted_symbolic_tunduk_yurt_roo_8.jpg,,
sorted_symbolic_tunduk_yurt_roo_9.jpg,symbolic,originals\symbolic\sorted_symbolic_tunduk_yurt_roo_9.jpg,,
